NAME	SYMBOL	RANK IN GENE LIST	RANK METRIC SCORE	RUNNING ES	CORE ENRICHMENT	
row_0	ENSG00000120278	2	3.8595635890960693	0.008420903	Yes	
row_1	ENSG00000159388	4	3.252875804901123	0.015599084	Yes	
row_2	ENSG00000106484	7	2.9573535919189453	0.02199631	Yes	
row_3	ENSG00000124762	8	2.890859603881836	0.02848057	Yes	
row_4	ENSG00000162772	11	2.7551348209381104	0.034424216	Yes	
row_5	ENSG00000026103	13	2.6331241130828857	0.04021228	Yes	
row_6	ENSG00000143195	14	2.348992109298706	0.045481123	Yes	
row_7	ENSG00000162643	28	1.9146701097488403	0.048240576	Yes	
row_8	ENSG00000076641	40	1.7851756811141968	0.05094576	Yes	
row_9	ENSG00000148219	52	1.6296199560165405	0.053302024	Yes	
row_10	ENSG00000164683	60	1.5907063484191895	0.05604337	Yes	
row_11	ENSG00000007372	69	1.5027952194213867	0.05846944	Yes	
row_12	ENSG00000112096	72	1.479247808456421	0.061551243	Yes	
row_13	ENSG00000023445	80	1.4422447681427002	0.06395959	Yes	
row_14	ENSG00000164938	84	1.424081802368164	0.06679956	Yes	
row_15	ENSG00000163661	86	1.415735125541687	0.069856994	Yes	
row_16	ENSG00000196562	92	1.3604599237442017	0.07231808	Yes	
row_17	ENSG00000172159	93	1.3585515022277832	0.07536534	Yes	
row_18	ENSG00000230747	94	1.3581902980804443	0.07841179	Yes	
row_19	ENSG00000156453	97	1.3470826148986816	0.08119714	Yes	
row_20	ENSG00000171444	103	1.2907549142837524	0.083501875	Yes	
row_21	ENSG00000143344	108	1.2675142288208008	0.08587257	Yes	
row_22	ENSG00000116514	117	1.195635437965393	0.08760968	Yes	
row_23	ENSG00000215068	120	1.1718051433563232	0.09000187	Yes	
row_24	ENSG00000156804	121	1.1712243556976318	0.092628956	Yes	
row_25	ENSG00000260088	130	1.1416358947753906	0.09424494	Yes	
row_26	ENSG00000144802	133	1.1247888803482056	0.09653168	Yes	
row_27	ENSG00000147408	142	1.0927844047546387	0.09803809	Yes	
row_28	ENSG00000154447	143	1.084702968597412	0.1004711	Yes	
row_29	ENSG00000135549	156	1.0502924919128418	0.10140983	Yes	
row_30	ENSG00000164949	157	1.047876000404358	0.10376024	Yes	
row_31	ENSG00000250222	170	1.013360857963562	0.104616135	Yes	
row_32	ENSG00000138696	177	1.002770185470581	0.10615682	Yes	
row_33	ENSG00000125462	181	0.9658756852149963	0.10796902	Yes	
row_34	ENSG00000233384	193	0.9467834234237671	0.108793676	Yes	
row_35	ENSG00000162783	196	0.9382029175758362	0.1106619	Yes	
row_36	ENSG00000134070	197	0.9367130994796753	0.112762965	Yes	
row_37	ENSG00000135919	202	0.9236857891082764	0.11436245	Yes	
row_38	ENSG00000058866	217	0.9039902687072754	0.11473683	Yes	
row_39	ENSG00000272382	220	0.8995896577835083	0.11651845	Yes	
row_40	ENSG00000115963	227	0.8909175992012024	0.11780825	Yes	
row_41	ENSG00000116016	228	0.8897213935852051	0.11980391	Yes	
row_42	ENSG00000198729	229	0.8883509039878845	0.1217965	Yes	
row_43	ENSG00000164741	242	0.8551157116889954	0.12229745	Yes	
row_44	ENSG00000204381	247	0.8379749059677124	0.12370468	Yes	
row_45	ENSG00000064692	252	0.8255087733268738	0.12508395	Yes	
row_46	ENSG00000233006	254	0.8238051533699036	0.12681367	Yes	
row_47	ENSG00000165891	255	0.8235638737678528	0.12866095	Yes	
row_48	ENSG00000136114	262	0.8154894709587097	0.12978154	Yes	
row_49	ENSG00000112249	269	0.8115162253379822	0.13089325	Yes	
row_50	ENSG00000196083	270	0.8106935024261475	0.13271165	Yes	
row_51	ENSG00000110171	273	0.8014598488807678	0.13427316	Yes	
row_52	ENSG00000168917	276	0.8005967140197754	0.13583274	Yes	
row_53	ENSG00000274213	278	0.7953141331672668	0.13749856	Yes	
row_54	ENSG00000125355	281	0.7945631146430969	0.13904458	Yes	
row_55	ENSG00000074416	282	0.7943255305290222	0.14082628	Yes	
row_56	ENSG00000106069	288	0.7826575040817261	0.14199135	Yes	
row_57	ENSG00000124813	289	0.7817121744155884	0.14374474	Yes	
row_58	ENSG00000197461	291	0.7800992131233215	0.14537643	Yes	
row_59	ENSG00000140332	297	0.7644510865211487	0.14650065	Yes	
row_60	ENSG00000116675	299	0.7626510262489319	0.1480932	Yes	
row_61	ENSG00000136826	302	0.7604668140411377	0.14956276	Yes	
row_62	ENSG00000128683	315	0.745577871799469	0.149818	Yes	
row_63	ENSG00000118257	318	0.7430397868156433	0.15124848	Yes	
row_64	ENSG00000131015	321	0.7402446269989014	0.15267268	Yes	
row_65	ENSG00000146674	324	0.7355934381484985	0.15408646	Yes	
row_66	ENSG00000124772	328	0.7282700538635254	0.1553657	Yes	
row_67	ENSG00000145431	331	0.7270218729972839	0.15676025	Yes	
row_68	ENSG00000011422	334	0.7241474390029907	0.15814833	Yes	
row_69	ENSG00000069020	336	0.7202568054199219	0.1596458	Yes	
row_70	ENSG00000157890	338	0.7193529605865479	0.16114123	Yes	
row_71	ENSG00000187957	339	0.71717369556427	0.16274987	Yes	
row_72	ENSG00000020577	344	0.7142425775527954	0.16387956	Yes	
row_73	ENSG00000162433	345	0.7135842442512512	0.16548015	Yes	
row_74	ENSG00000182621	355	0.7017795443534851	0.16599143	Yes	
row_75	ENSG00000163453	366	0.689825713634491	0.16635782	Yes	
row_76	ENSG00000163947	371	0.6857537627220154	0.1674236	Yes	
row_77	ENSG00000144218	375	0.6848106384277344	0.16860537	Yes	
row_78	ENSG00000229950	377	0.6841686367988586	0.17002189	Yes	
row_79	ENSG00000155816	380	0.6832811832427979	0.17131832	Yes	
row_80	ENSG00000164543	385	0.6788808107376099	0.1723687	Yes	
row_81	ENSG00000110013	397	0.6635755300521851	0.1725581	Yes	
row_82	ENSG00000146592	398	0.6634187698364258	0.17404617	Yes	
row_83	ENSG00000135318	399	0.6630465388298035	0.1755334	Yes	
row_84	ENSG00000171033	401	0.6609689593315125	0.17689787	Yes	
row_85	ENSG00000165046	402	0.6606629490852356	0.17837976	Yes	
row_86	ENSG00000196576	403	0.660536527633667	0.17986135	Yes	
row_87	ENSG00000177606	405	0.6593745946884155	0.18122225	Yes	
row_88	ENSG00000111981	415	0.648984432220459	0.18161511	Yes	
row_89	ENSG00000171132	416	0.648648202419281	0.18307005	Yes	
row_90	ENSG00000135074	420	0.6448462009429932	0.18416217	Yes	
row_91	ENSG00000249242	423	0.6432193517684937	0.18536875	Yes	
row_92	ENSG00000187608	433	0.6359858512878418	0.18573245	Yes	
row_93	ENSG00000127824	434	0.6355977058410645	0.18715811	Yes	
row_94	ENSG00000085117	443	0.6277213096618652	0.18762137	Yes	
row_95	ENSG00000197321	449	0.6221722960472107	0.18842646	Yes	
row_96	ENSG00000197261	451	0.6196496486663818	0.18969825	Yes	
row_97	ENSG00000170113	454	0.6152426600456238	0.19084208	Yes	
row_98	ENSG00000134107	464	0.6068944334983826	0.19114053	Yes	
row_99	ENSG00000070882	469	0.6025232076644897	0.19201964	Yes	
row_100	ENSG00000075426	474	0.5998812317848206	0.19289282	Yes	
row_101	ENSG00000117791	475	0.5996301770210266	0.1942378	Yes	
row_102	ENSG00000069667	476	0.5987932682037354	0.1955809	Yes	
row_103	ENSG00000198363	482	0.5958226919174194	0.1963269	Yes	
row_104	ENSG00000179163	483	0.595138430595398	0.1976618	Yes	
row_105	ENSG00000166979	484	0.5937649011611938	0.19899362	Yes	
row_106	ENSG00000053254	485	0.5936040878295898	0.20032509	Yes	
row_107	ENSG00000138646	487	0.5921609997749329	0.20153524	Yes	
row_108	ENSG00000121039	498	0.5851051807403564	0.20166671	Yes	
row_109	ENSG00000259330	500	0.5834650993347168	0.20285736	Yes	
row_110	ENSG00000124098	502	0.5827785134315491	0.20404644	Yes	
row_111	ENSG00000277778	503	0.5826610922813416	0.20535336	Yes	
row_112	ENSG00000233237	504	0.5820922255516052	0.20665902	Yes	
row_113	ENSG00000118855	512	0.5775440335273743	0.20712781	Yes	
row_114	ENSG00000196639	518	0.5742710828781128	0.20782547	Yes	
row_115	ENSG00000151773	528	0.5670124292373657	0.20803446	Yes	
row_116	ENSG00000136153	532	0.564748227596283	0.20894693	Yes	
row_117	ENSG00000175265	536	0.561662495136261	0.20985247	Yes	
row_118	ENSG00000188732	540	0.5590562224388123	0.21075217	Yes	
row_119	ENSG00000178607	542	0.5571839809417725	0.21188386	Yes	
row_120	ENSG00000006459	543	0.5556735396385193	0.21313025	Yes	
row_121	ENSG00000173482	544	0.5553913116455078	0.214376	Yes	
row_122	ENSG00000167778	554	0.5483476519584656	0.21454313	Yes	
row_123	ENSG00000106066	558	0.5461638569831848	0.21541391	Yes	
row_124	ENSG00000072682	559	0.5458036065101624	0.21663816	Yes	
row_125	ENSG00000063660	561	0.5431376099586487	0.21773835	Yes	
row_126	ENSG00000183072	565	0.5422171950340271	0.21860027	Yes	
row_127	ENSG00000276141	568	0.5402984619140625	0.21957599	Yes	
row_128	ENSG00000081087	581	0.5372218489646912	0.2193639	Yes	
row_129	ENSG00000115295	586	0.5336124897003174	0.22008842	Yes	
row_130	ENSG00000183087	590	0.5330225825309753	0.22092974	Yes	
row_131	ENSG00000179476	594	0.5320946574211121	0.22176896	Yes	
row_132	ENSG00000061656	616	0.520388662815094	0.22045627	Yes	
row_133	ENSG00000189114	619	0.518722414970398	0.2213836	Yes	
row_134	ENSG00000112773	628	0.5138928890228271	0.22159155	Yes	
row_135	ENSG00000127124	631	0.5104592442512512	0.22250032	Yes	
row_136	ENSG00000109738	636	0.5063295960426331	0.22316368	Yes	
row_137	ENSG00000180447	644	0.5026494264602661	0.22346449	Yes	
row_138	ENSG00000124145	648	0.5018385052680969	0.22423585	Yes	
row_139	ENSG00000104419	650	0.5017735958099365	0.22524324	Yes	
row_140	ENSG00000095066	651	0.501387894153595	0.22636786	Yes	
row_141	ENSG00000137449	653	0.4995729327201843	0.22737032	Yes	
row_142	ENSG00000144136	657	0.49767258763313293	0.22813234	Yes	
row_143	ENSG00000185920	661	0.49589839577674866	0.22889037	Yes	
row_144	ENSG00000100307	668	0.4933781921863556	0.22928849	Yes	
row_145	ENSG00000106608	672	0.492183119058609	0.2300382	Yes	
row_146	ENSG00000249992	675	0.49175000190734863	0.23090501	Yes	
row_147	ENSG00000173320	676	0.4908221364021301	0.23200594	Yes	
row_148	ENSG00000135966	681	0.48990175127983093	0.23263243	Yes	
row_149	ENSG00000105696	682	0.48985856771469116	0.2337312	Yes	
row_150	ENSG00000197044	694	0.48513856530189514	0.23352036	Yes	
row_151	ENSG00000151689	696	0.48410674929618835	0.23448813	Yes	
row_152	ENSG00000153317	702	0.48259150981903076	0.23498014	Yes	
row_153	ENSG00000135749	711	0.4788320064544678	0.23510943	Yes	
row_154	ENSG00000157833	712	0.4782276451587677	0.23618211	Yes	
row_155	ENSG00000142046	718	0.47630205750465393	0.23666	Yes	
row_156	ENSG00000112379	724	0.47444993257522583	0.23713376	Yes	
row_157	ENSG00000143786	725	0.4744076132774353	0.23819786	Yes	
row_158	ENSG00000101439	726	0.47430261969566345	0.23926173	Yes	
row_159	ENSG00000060982	733	0.4706387221813202	0.23960884	Yes	
row_160	ENSG00000109472	734	0.4700329303741455	0.24066313	Yes	
row_161	ENSG00000235884	743	0.46159860491752625	0.24075377	Yes	
row_162	ENSG00000114331	744	0.46152690052986145	0.24178898	Yes	
row_163	ENSG00000227855	746	0.46088990569114685	0.24270467	Yes	
row_164	ENSG00000157214	752	0.45888209342956543	0.2431435	Yes	
row_165	ENSG00000063854	772	0.4482922852039337	0.2419053	Yes	
row_166	ENSG00000110841	775	0.4474628269672394	0.24267279	Yes	
row_167	ENSG00000111860	779	0.44641903042793274	0.24331984	Yes	
row_168	ENSG00000168785	792	0.4432131052017212	0.24289687	Yes	
row_169	ENSG00000172269	793	0.4431169033050537	0.24389079	Yes	
row_170	ENSG00000159713	794	0.44141480326652527	0.2448809	Yes	
row_171	ENSG00000166073	800	0.4401438236236572	0.24527769	Yes	
row_172	ENSG00000179431	803	0.4396283030509949	0.2460276	Yes	
row_173	ENSG00000140280	810	0.43846356868743896	0.24630253	Yes	
row_174	ENSG00000154310	813	0.43751001358032227	0.24704769	Yes	
row_175	ENSG00000113580	814	0.4370032250881195	0.2480279	Yes	
row_176	ENSG00000255248	816	0.4363843500614166	0.24888863	Yes	
row_177	ENSG00000137693	826	0.43265074491500854	0.24879625	Yes	
row_178	ENSG00000151233	828	0.4313889145851135	0.24964577	Yes	
row_179	ENSG00000183597	830	0.4304267168045044	0.25049314	Yes	
row_180	ENSG00000138166	831	0.4296792447566986	0.25145692	Yes	
row_181	ENSG00000132692	832	0.42966127395629883	0.25242066	Yes	
row_182	ENSG00000123685	845	0.4240090847015381	0.25195462	Yes	
row_183	ENSG00000152223	856	0.4222069978713989	0.25172073	Yes	
row_184	ENSG00000088881	869	0.4186652600765228	0.2512427	Yes	
row_185	ENSG00000243444	873	0.41698452830314636	0.25182372	Yes	
row_186	ENSG00000175592	879	0.4155377745628357	0.25216535	Yes	
row_187	ENSG00000168386	890	0.4133315980434418	0.25191152	Yes	
row_188	ENSG00000164877	900	0.40951064229011536	0.25176725	Yes	
row_189	ENSG00000065923	904	0.40845203399658203	0.25232914	Yes	
row_190	ENSG00000139344	917	0.4045467972755432	0.25181943	Yes	
row_191	ENSG00000117525	922	0.40278390049934387	0.25225052	Yes	
row_192	ENSG00000184014	952	0.3943389654159546	0.24971038	Yes	
row_193	ENSG00000180354	958	0.3939298093318939	0.25000352	Yes	
row_194	ENSG00000137221	973	0.3893399238586426	0.24922353	Yes	
row_195	ENSG00000137767	975	0.38876786828041077	0.24997745	Yes	
row_196	ENSG00000113083	986	0.3853415548801422	0.24966088	Yes	
row_197	ENSG00000119227	994	0.3833746612071991	0.24969415	Yes	
row_198	ENSG00000165097	1003	0.3811947703361511	0.24960445	Yes	
row_199	ENSG00000164066	1008	0.380174845457077	0.24998482	Yes	
row_200	ENSG00000154153	1010	0.3797653019428253	0.25071856	Yes	
row_201	ENSG00000009413	1011	0.37936416268348694	0.25156948	Yes	
row_202	ENSG00000128487	1012	0.37898215651512146	0.25241953	Yes	
row_203	ENSG00000141337	1023	0.37562814354896545	0.25208116	Yes	
row_204	ENSG00000145623	1031	0.37224113941192627	0.25208947	Yes	
row_205	ENSG00000136854	1039	0.37046191096305847	0.2520938	Yes	
row_206	ENSG00000157514	1047	0.36866652965545654	0.25209406	Yes	
row_207	ENSG00000105928	1049	0.3682782053947449	0.252802	Yes	
row_208	ENSG00000130779	1052	0.3678477704524994	0.25339094	Yes	
row_209	ENSG00000144810	1061	0.36560186743736267	0.25326625	Yes	
row_210	ENSG00000151748	1064	0.3651479184627533	0.25384912	Yes	
row_211	ENSG00000047634	1066	0.3639189302921295	0.2545473	Yes	
row_212	ENSG00000166025	1073	0.36191877722740173	0.25465053	Yes	
row_213	ENSG00000165105	1085	0.3577442467212677	0.25415397	Yes	
row_214	ENSG00000186340	1091	0.35573598742485046	0.25436142	Yes	
row_215	ENSG00000121211	1095	0.35513871908187866	0.25480372	Yes	
row_216	ENSG00000188483	1109	0.3512769341468811	0.25405645	Yes	
row_217	ENSG00000163412	1116	0.34939339756965637	0.25413162	Yes	
row_218	ENSG00000185129	1120	0.3474454879760742	0.25455666	Yes	
row_219	ENSG00000050165	1128	0.34590521454811096	0.2545059	Yes	
row_220	ENSG00000243701	1142	0.3432351052761078	0.25374058	Yes	
row_221	ENSG00000163697	1148	0.3417775332927704	0.25391674	Yes	
row_222	ENSG00000196586	1149	0.34122490882873535	0.25468212	Yes	
row_223	ENSG00000147894	1152	0.3404671251773834	0.25520962	Yes	
row_224	ENSG00000140859	1154	0.340189129114151	0.25585458	Yes	
row_225	ENSG00000088876	1157	0.3399474024772644	0.2563809	Yes	
row_226	ENSG00000164574	1158	0.3394835293292999	0.25714236	Yes	
row_227	ENSG00000115380	1160	0.3384048342704773	0.25778332	Yes	
row_228	ENSG00000147100	1164	0.3377411663532257	0.2581866	Yes	
row_229	ENSG00000173890	1165	0.33763575553894043	0.25894395	Yes	
row_230	ENSG00000171877	1168	0.33720672130584717	0.25946411	Yes	
row_231	ENSG00000188938	1187	0.333238810300827	0.25808594	Yes	
row_232	ENSG00000162909	1199	0.33143869042396545	0.25753033	Yes	
row_233	ENSG00000110888	1206	0.3307110369205475	0.2575636	Yes	
row_234	ENSG00000250565	1213	0.3285551071166992	0.257592	Yes	
row_235	ENSG00000120875	1225	0.3249719738960266	0.2570219	Yes	
row_236	ENSG00000010810	1233	0.3241514563560486	0.25692233	Yes	
row_237	ENSG00000142949	1240	0.32291293144226074	0.2569381	Yes	
row_238	ENSG00000137364	1241	0.32286807894706726	0.2576623	Yes	
row_239	ENSG00000089775	1246	0.3219430446624756	0.25791204	Yes	
row_240	ENSG00000180346	1253	0.32061854004859924	0.25792265	Yes	
row_241	ENSG00000136156	1254	0.32029128074645996	0.25864106	Yes	
row_242	ENSG00000117280	1277	0.31538063287734985	0.25675046	Yes	
row_243	ENSG00000145016	1286	0.31285348534584045	0.25650746	Yes	
row_244	ENSG00000170425	1291	0.3119752109050751	0.25673488	Yes	
row_245	ENSG00000168994	1298	0.3103650212287903	0.25672248	Yes	
row_246	ENSG00000141040	1305	0.30959847569465637	0.25670835	Yes	
row_247	ENSG00000198832	1309	0.3085106611251831	0.25704607	Yes	
row_248	ENSG00000100564	1312	0.3081614077091217	0.25750113	Yes	
row_249	ENSG00000135842	1313	0.3078744411468506	0.25819167	Yes	
row_250	ENSG00000090006	1320	0.3074135184288025	0.25817266	Yes	
row_251	ENSG00000110330	1322	0.3072732388973236	0.2587438	Yes	
row_252	ENSG00000149218	1326	0.3066840171813965	0.25907743	Yes	
row_253	ENSG00000124313	1328	0.30577242374420166	0.2596452	Yes	
row_254	ENSG00000145194	1333	0.3052322566509247	0.25985745	Yes	
row_255	ENSG00000070366	1341	0.30404576659202576	0.2597128	Yes	
row_256	ENSG00000080845	1345	0.3034825921058655	0.26003924	Yes	
row_257	ENSG00000237187	1356	0.30189213156700134	0.25953546	Yes	
row_258	ENSG00000078967	1362	0.3010295331478119	0.25962022	Yes	
row_259	ENSG00000234456	1365	0.30061405897140503	0.26005834	Yes	
row_260	ENSG00000164951	1367	0.30029094219207764	0.2606138	Yes	
row_261	ENSG00000185567	1368	0.29990318417549133	0.2612865	Yes	
row_262	ENSG00000108582	1370	0.29945603013038635	0.26184008	Yes	
row_263	ENSG00000179833	1371	0.29918721318244934	0.26251116	Yes	
row_264	ENSG00000138386	1384	0.29727092385292053	0.26176086	No	
row_265	ENSG00000122678	1399	0.2940605580806732	0.26076716	No	
row_266	ENSG00000163788	1401	0.2938621938228607	0.2613082	No	
row_267	ENSG00000171223	1411	0.29234579205513	0.26090112	No	
row_268	ENSG00000064225	1420	0.2900998890399933	0.2606071	No	
row_269	ENSG00000026508	1427	0.28928494453430176	0.2605474	No	
row_270	ENSG00000197776	1428	0.2890734374523163	0.2611958	No	
row_271	ENSG00000151690	1452	0.28574374318122864	0.2591206	No	
row_272	ENSG00000154134	1453	0.28549665212631226	0.259761	No	
row_273	ENSG00000149289	1457	0.2847295105457306	0.26004538	No	
row_274	ENSG00000125148	1462	0.2844561040401459	0.26021105	No	
row_275	ENSG00000175745	1463	0.28417572379112244	0.26084846	No	
row_276	ENSG00000219626	1471	0.2825331389904022	0.26065555	No	
row_277	ENSG00000242759	1478	0.28183260560035706	0.26057917	No	
row_278	ENSG00000086619	1483	0.2807755172252655	0.26073658	No	
row_279	ENSG00000184557	1487	0.2801540791988373	0.2610107	No	
row_280	ENSG00000174021	1489	0.2794935703277588	0.26151952	No	
row_281	ENSG00000231991	1517	0.2744238078594208	0.25894657	No	
row_282	ENSG00000102871	1522	0.2739751935005188	0.25908875	No	
row_283	ENSG00000236830	1531	0.2719421982765198	0.258754	No	
row_284	ENSG00000078687	1536	0.27077654004096985	0.258889	No	
row_285	ENSG00000150687	1538	0.2706873118877411	0.25937805	No	
row_286	ENSG00000171530	1554	0.2685703933238983	0.25820908	No	
row_287	ENSG00000186088	1557	0.2674780488014221	0.25857285	No	
row_288	ENSG00000198380	1559	0.26730671525001526	0.25905433	No	
row_289	ENSG00000185808	1561	0.2671920359134674	0.25953555	No	
row_290	ENSG00000078304	1563	0.26699963212013245	0.26001635	No	
row_291	ENSG00000173706	1596	0.2618770897388458	0.25682482	No	
row_292	ENSG00000153250	1597	0.2617737054824829	0.257412	No	
row_293	ENSG00000168487	1611	0.2581818401813507	0.2564559	No	
row_294	ENSG00000158711	1615	0.25787457823753357	0.25668004	No	
row_295	ENSG00000186907	1616	0.257724791765213	0.25725812	No	
row_296	ENSG00000129116	1621	0.2567172050476074	0.2573616	No	
row_297	ENSG00000225177	1622	0.2566172182559967	0.2579372	No	
row_298	ENSG00000156475	1633	0.25557833909988403	0.25732952	No	
row_299	ENSG00000168899	1647	0.2534954249858856	0.25636294	No	
row_300	ENSG00000160271	1650	0.2533990740776062	0.25669512	No	
row_301	ENSG00000159200	1652	0.2530214786529541	0.25714457	No	
row_302	ENSG00000005243	1666	0.2511492371559143	0.25617272	No	
row_303	ENSG00000065485	1668	0.250813752412796	0.25661722	No	
row_304	ENSG00000248487	1682	0.2489529699087143	0.25564042	No	
row_305	ENSG00000166949	1698	0.24626462161540985	0.2544214	No	
row_306	ENSG00000145730	1700	0.24616758525371552	0.25485548	No	
row_307	ENSG00000151687	1717	0.24455109238624573	0.25351456	No	
row_308	ENSG00000130024	1726	0.2431078851222992	0.25311512	No	
row_309	ENSG00000124785	1738	0.24103185534477234	0.25235677	No	
row_310	ENSG00000181830	1741	0.24002273380756378	0.25265896	No	
row_311	ENSG00000127603	1751	0.23855730891227722	0.25213122	No	
row_312	ENSG00000148411	1752	0.23837882280349731	0.2526659	No	
row_313	ENSG00000225138	1757	0.2373448610305786	0.2527259	No	
row_314	ENSG00000160216	1761	0.2368444949388504	0.25290287	No	
row_315	ENSG00000164916	1812	0.23125091195106506	0.247517	No	
row_316	ENSG00000117868	1829	0.22883690893650055	0.24614082	No	
row_317	ENSG00000180257	1830	0.22870337963104248	0.24665381	No	
row_318	ENSG00000181982	1837	0.2280726581811905	0.24645683	No	
row_319	ENSG00000048052	1856	0.22569020092487335	0.2448374	No	
row_320	ENSG00000134504	1858	0.2255357801914215	0.24522519	No	
row_321	ENSG00000105401	1863	0.22510847449302673	0.24525775	No	
row_322	ENSG00000176978	1875	0.22364307940006256	0.24446037	No	
row_323	ENSG00000108175	1877	0.22345834970474243	0.24484351	No	
row_324	ENSG00000148120	1914	0.2200859785079956	0.24108587	No	
row_325	ENSG00000168724	1915	0.21986408531665802	0.24157903	No	
row_326	ENSG00000179941	1937	0.21710652112960815	0.23958609	No	
row_327	ENSG00000005007	1939	0.2167995125055313	0.23995428	No	
row_328	ENSG00000083857	1940	0.21671079099178314	0.24044035	No	
row_329	ENSG00000133121	1962	0.21324877440929413	0.23843876	No	
row_330	ENSG00000138134	1971	0.21243084967136383	0.23797052	No	
row_331	ENSG00000197442	1979	0.2112792283296585	0.23761778	No	
row_332	ENSG00000104047	1981	0.21118256449699402	0.23797338	No	
row_333	ENSG00000188916	1983	0.21093371510505676	0.23832841	No	
row_334	ENSG00000107798	1989	0.21035240590572357	0.23820977	No	
row_335	ENSG00000162994	1998	0.20954172313213348	0.23773505	No	
row_336	ENSG00000173011	2017	0.20739512145519257	0.2360746	No	
row_337	ENSG00000143669	2021	0.20714108645915985	0.23618494	No	
row_338	ENSG00000198399	2027	0.20630966126918793	0.23605724	No	
row_339	ENSG00000169299	2031	0.20573338866233826	0.23616442	No	
row_340	ENSG00000170006	2035	0.20555774867534637	0.23627122	No	
row_341	ENSG00000027847	2038	0.20534652471542358	0.23649563	No	
row_342	ENSG00000109771	2042	0.20453427731990814	0.23660013	No	
row_343	ENSG00000071205	2044	0.20449185371398926	0.23694073	No	
row_344	ENSG00000084710	2045	0.20429949462413788	0.23739897	No	
row_345	ENSG00000139508	2051	0.20396369695663452	0.237266	No	
row_346	ENSG00000183337	2066	0.2026151865720749	0.23606719	No	
row_347	ENSG00000133794	2074	0.20158548653125763	0.23569271	No	
row_348	ENSG00000110076	2076	0.2014402151107788	0.23602647	No	
row_349	ENSG00000034677	2077	0.20130637288093567	0.23647799	No	
row_350	ENSG00000079156	2078	0.2012898176908493	0.23692949	No	
row_351	ENSG00000168056	2103	0.1989639401435852	0.23454157	No	
row_352	ENSG00000163754	2116	0.19803570210933685	0.23356867	No	
row_353	ENSG00000205683	2119	0.19780370593070984	0.23377617	No	
row_354	ENSG00000131724	2137	0.19654488563537598	0.23220946	No	
row_355	ENSG00000163132	2141	0.19611404836177826	0.23229508	No	
row_356	ENSG00000143819	2151	0.19529291987419128	0.23167029	No	
row_357	ENSG00000100077	2152	0.19519315659999847	0.23210812	No	
row_358	ENSG00000180628	2159	0.19399820268154144	0.23183471	No	
row_359	ENSG00000221890	2162	0.1938641518354416	0.23203337	No	
row_360	ENSG00000040341	2184	0.19160957634449005	0.22998323	No	
row_361	ENSG00000163625	2194	0.19083404541015625	0.22934845	No	
row_362	ENSG00000173276	2197	0.19048583507537842	0.22953953	No	
row_363	ENSG00000183044	2204	0.18988463282585144	0.2292569	No	
row_364	ENSG00000239467	2214	0.1890891045331955	0.2286182	No	
row_365	ENSG00000125398	2223	0.18812724947929382	0.22809544	No	
row_366	ENSG00000135622	2231	0.18759727478027344	0.2276896	No	
row_367	ENSG00000143870	2234	0.1873898208141327	0.22787373	No	
row_368	ENSG00000115084	2236	0.1873377561569214	0.22817583	No	
row_369	ENSG00000063438	2253	0.18522395193576813	0.22670183	No	
row_370	ENSG00000113296	2257	0.18495482206344604	0.22676241	No	
row_371	ENSG00000042286	2259	0.1847703903913498	0.22705877	No	
row_372	ENSG00000057252	2265	0.18433330953121185	0.22688177	No	
row_373	ENSG00000136144	2290	0.1817334145307541	0.22445521	No	
row_374	ENSG00000178209	2296	0.18057997524738312	0.22426979	No	
row_375	ENSG00000239445	2297	0.18057726323604584	0.22467484	No	
row_376	ENSG00000018408	2319	0.17875419557094574	0.22259586	No	
row_377	ENSG00000069399	2333	0.177480548620224	0.22145876	No	
row_378	ENSG00000116574	2334	0.17735780775547028	0.22185658	No	
row_379	ENSG00000232533	2352	0.1759774386882782	0.22024374	No	
row_380	ENSG00000150551	2364	0.1745370328426361	0.21933621	No	
row_381	ENSG00000127989	2377	0.17302864789962769	0.21830723	No	
row_382	ENSG00000145391	2383	0.17275269329547882	0.21810426	No	
row_383	ENSG00000140939	2388	0.17240257561206818	0.21801859	No	
row_384	ENSG00000102606	2408	0.170625701546669	0.21615757	No	
row_385	ENSG00000166833	2423	0.16936945915222168	0.21488419	No	
row_386	ENSG00000157734	2435	0.1683318167924881	0.21396275	No	
row_387	ENSG00000151693	2455	0.16663184762001038	0.21209277	No	
row_388	ENSG00000152556	2470	0.1652241349220276	0.21081008	No	
row_389	ENSG00000119950	2472	0.16512177884578705	0.21106237	No	
row_390	ENSG00000103852	2473	0.16511373221874237	0.21143273	No	
row_391	ENSG00000196365	2489	0.16323639452457428	0.21002749	No	
row_392	ENSG00000254087	2491	0.1630999892950058	0.21027523	No	
row_393	ENSG00000171100	2495	0.16284742951393127	0.21028623	No	
row_394	ENSG00000163577	2513	0.16160675883293152	0.20864116	No	
row_395	ENSG00000175048	2529	0.15992480516433716	0.2072285	No	
row_396	ENSG00000112977	2535	0.15912674367427826	0.20699497	No	
row_397	ENSG00000152778	2536	0.1589728444814682	0.20735155	No	
row_398	ENSG00000189050	2546	0.1584664285182953	0.20664416	No	
row_399	ENSG00000187147	2549	0.15792791545391083	0.20676221	No	
row_400	ENSG00000178764	2575	0.15522627532482147	0.2041581	No	
row_401	ENSG00000131067	2595	0.15432240068912506	0.20226051	No	
row_402	ENSG00000167123	2599	0.15395024418830872	0.20225155	No	
row_403	ENSG00000176171	2607	0.15325765311717987	0.20176867	No	
row_404	ENSG00000068028	2611	0.153018057346344	0.20175761	No	
row_405	ENSG00000136379	2615	0.1525471955537796	0.20174551	No	
row_406	ENSG00000177738	2634	0.15094059705734253	0.19995841	No	
row_407	ENSG00000135766	2657	0.14853999018669128	0.19769359	No	
row_408	ENSG00000143643	2659	0.1484653353691101	0.1979085	No	
row_409	ENSG00000126821	2675	0.14720743894577026	0.19646731	No	
row_410	ENSG00000101210	2676	0.1471404731273651	0.19679736	No	
row_411	ENSG00000144369	2677	0.14685550332069397	0.19712676	No	
row_412	ENSG00000140836	2678	0.14683346450328827	0.1974561	No	
row_413	ENSG00000101144	2681	0.1461111605167389	0.19754766	No	
row_414	ENSG00000119729	2691	0.1449783444404602	0.19681002	No	
row_415	ENSG00000165030	2721	0.14239801466464996	0.19370477	No	
row_416	ENSG00000153904	2727	0.14165076613426208	0.19343203	No	
row_417	ENSG00000171603	2735	0.14093077182769775	0.1929215	No	
row_418	ENSG00000119900	2736	0.14078277349472046	0.19323727	No	
row_419	ENSG00000136856	2742	0.14031115174293518	0.19296154	No	
row_420	ENSG00000173409	2748	0.13981886208057404	0.1926847	No	
row_421	ENSG00000119912	2756	0.13902822136878967	0.1921699	No	
row_422	ENSG00000049860	2758	0.13881908357143402	0.19236319	No	
row_423	ENSG00000131018	2767	0.13751985132694244	0.19172691	No	
row_424	ENSG00000166086	2769	0.13737493753433228	0.19191696	No	
row_425	ENSG00000153721	2772	0.13718953728675842	0.1919885	No	
row_426	ENSG00000165185	2775	0.13698531687259674	0.19205958	No	
row_427	ENSG00000173821	2776	0.13688448071479797	0.1923666	No	
row_428	ENSG00000107404	2797	0.1349543333053589	0.19030748	No	
row_429	ENSG00000143319	2808	0.13389705121517181	0.1894269	No	
row_430	ENSG00000240694	2810	0.13388113677501678	0.1896091	No	
row_431	ENSG00000175390	2837	0.13159015774726868	0.18683387	No	
row_432	ENSG00000111145	2846	0.13130104541778564	0.18618366	No	
row_433	ENSG00000059758	2855	0.13082604110240936	0.18553238	No	
row_434	ENSG00000176165	2864	0.13027989864349365	0.18487985	No	
row_435	ENSG00000234745	2870	0.12956063449382782	0.18458	No	
row_436	ENSG00000166171	2878	0.12889567017555237	0.18404248	No	
row_437	ENSG00000133612	2881	0.12827062606811523	0.18409401	No	
row_438	ENSG00000106605	2890	0.1275598555803299	0.1834354	No	
row_439	ENSG00000163291	2891	0.1274326592683792	0.18372123	No	
row_440	ENSG00000131149	2901	0.12635831534862518	0.18294182	No	
row_441	ENSG00000279673	2902	0.12625372409820557	0.18322502	No	
row_442	ENSG00000196187	2903	0.1260834038257599	0.18350783	No	
row_443	ENSG00000166886	2911	0.1252976357936859	0.18296224	No	
row_444	ENSG00000185483	2914	0.12515953183174133	0.18300678	No	
row_445	ENSG00000123609	2945	0.12344809621572495	0.17974094	No	
row_446	ENSG00000169826	2964	0.12164085358381271	0.17788813	No	
row_447	ENSG00000156232	2975	0.12028979510068893	0.17697702	No	
row_448	ENSG00000170525	2988	0.11953195929527283	0.17582804	No	
row_449	ENSG00000123570	2992	0.11924751102924347	0.17574124	No	
row_450	ENSG00000118260	2995	0.11879852414131165	0.17577152	No	
row_451	ENSG00000082781	3009	0.11776389926671982	0.17450048	No	
row_452	ENSG00000178951	3012	0.11763032525777817	0.17452814	No	
row_453	ENSG00000198162	3023	0.1166466698050499	0.17360887	No	
row_454	ENSG00000103034	3040	0.11512065678834915	0.17197761	No	
row_455	ENSG00000197885	3042	0.11507300287485123	0.17211764	No	
row_456	ENSG00000048405	3048	0.11448550969362259	0.17178397	No	
row_457	ENSG00000137463	3053	0.11419086903333664	0.17156774	No	
row_458	ENSG00000136451	3055	0.11407145112752914	0.17170551	No	
row_459	ENSG00000116117	3069	0.1128755658864975	0.17042351	No	
row_460	ENSG00000173193	3081	0.1113639548420906	0.16937429	No	
row_461	ENSG00000077585	3098	0.10995372384786606	0.16773145	No	
row_462	ENSG00000102934	3104	0.10937917977571487	0.16738632	No	
row_463	ENSG00000169184	3111	0.10862556844949722	0.16692144	No	
row_464	ENSG00000269713	3117	0.10802492499351501	0.16657327	No	
row_465	ENSG00000180806	3127	0.10751620680093765	0.1657516	No	
row_466	ENSG00000158863	3136	0.10711178183555603	0.16504712	No	
row_467	ENSG00000174197	3141	0.10686210542917252	0.16481446	No	
row_468	ENSG00000023697	3143	0.10672695934772491	0.16493575	No	
row_469	ENSG00000132329	3146	0.10648737847805023	0.16493843	No	
row_470	ENSG00000139318	3153	0.10618244856595993	0.16446805	No	
row_471	ENSG00000092096	3158	0.105802521109581	0.164233	No	
row_472	ENSG00000121060	3164	0.10522241145372391	0.16387856	No	
row_473	ENSG00000138101	3176	0.10455530881881714	0.16281407	No	
row_474	ENSG00000112769	3190	0.10310332477092743	0.16151014	No	
row_475	ENSG00000167081	3204	0.10174664109945297	0.16020317	No	
row_476	ENSG00000119042	3211	0.1014031320810318	0.15972207	No	
row_477	ENSG00000168779	3215	0.10110165178775787	0.15959457	No	
row_478	ENSG00000132334	3217	0.10107380896806717	0.15970318	No	
row_479	ENSG00000243449	3219	0.10105277597904205	0.15981176	No	
row_480	ENSG00000134590	3220	0.10097010433673859	0.16003823	No	
row_481	ENSG00000109320	3232	0.10022260248661041	0.15896402	No	
row_482	ENSG00000184500	3250	0.09921707957983017	0.15717901	No	
row_483	ENSG00000187097	3252	0.09880193322896957	0.15728255	No	
row_484	ENSG00000165113	3271	0.09727806597948074	0.1553751	No	
row_485	ENSG00000150527	3303	0.0947083830833435	0.15192668	No	
row_486	ENSG00000107829	3307	0.09447667747735977	0.15178432	No	
row_487	ENSG00000109390	3315	0.09414796531200409	0.15116885	No	
row_488	ENSG00000166313	3326	0.09337132424116135	0.15019737	No	
row_489	ENSG00000154917	3328	0.09305323660373688	0.150288	No	
row_490	ENSG00000167543	3333	0.092766173183918	0.15002371	No	
row_491	ENSG00000166262	3334	0.0927324891090393	0.15023172	No	
row_492	ENSG00000164402	3346	0.09184358268976212	0.1491387	No	
row_493	ENSG00000116096	3349	0.09119770675897598	0.14910708	No	
row_494	ENSG00000170832	3351	0.09111098945140839	0.14919336	No	
row_495	ENSG00000131981	3353	0.09100506454706192	0.14927939	No	
row_496	ENSG00000167863	3360	0.09045077115297318	0.14877373	No	
row_497	ENSG00000140848	3369	0.0899866372346878	0.14803083	No	
row_498	ENSG00000100994	3382	0.08905334770679474	0.14681348	No	
row_499	ENSG00000180818	3391	0.08832331001758575	0.14606686	No	
row_500	ENSG00000154678	3393	0.08818294107913971	0.14614657	No	
row_501	ENSG00000113648	3396	0.0881141647696495	0.14610803	No	
row_502	ENSG00000173511	3401	0.08758717030286789	0.14583212	No	
row_503	ENSG00000088387	3410	0.08705858886241913	0.14508267	No	
row_504	ENSG00000159840	3414	0.08658725768327713	0.1449226	No	
row_505	ENSG00000130338	3453	0.08376564085483551	0.140623	No	
row_506	ENSG00000187866	3457	0.0833573117852211	0.14045571	No	
row_507	ENSG00000187239	3470	0.08252373337745667	0.13922371	No	
row_508	ENSG00000168502	3483	0.08175717294216156	0.13799	No	
row_509	ENSG00000131069	3485	0.08094445616006851	0.13805346	No	
row_510	ENSG00000125741	3498	0.07972365617752075	0.13681519	No	
row_511	ENSG00000268043	3505	0.07928577810525894	0.13628447	No	
row_512	ENSG00000170293	3508	0.07901211827993393	0.13622552	No	
row_513	ENSG00000139173	3513	0.07856731116771698	0.13592938	No	
row_514	ENSG00000151348	3536	0.07627633959054947	0.13350245	No	
row_515	ENSG00000001036	3552	0.07525476813316345	0.13189988	No	
row_516	ENSG00000171016	3554	0.07514350116252899	0.13195033	No	
row_517	ENSG00000167323	3563	0.07465191185474396	0.13117304	No	
row_518	ENSG00000217801	3565	0.0744980201125145	0.13122205	No	
row_519	ENSG00000120910	3579	0.0739501342177391	0.12985273	No	
row_520	ENSG00000197375	3587	0.07355070859193802	0.12919107	No	
row_521	ENSG00000205763	3596	0.07289137691259384	0.12840983	No	
row_522	ENSG00000136715	3611	0.07174476236104965	0.12691748	No	
row_523	ENSG00000172171	3637	0.06978015601634979	0.1241217	No	
row_524	ENSG00000103187	3651	0.06879573315382004	0.12274082	No	
row_525	ENSG00000148180	3657	0.06844400614500046	0.12230388	No	
row_526	ENSG00000149679	3689	0.06638549268245697	0.118791945	No	
row_527	ENSG00000164576	3692	0.06623557209968567	0.118704334	No	
row_528	ENSG00000116213	3709	0.06511429697275162	0.11696092	No	
row_529	ENSG00000099139	3726	0.06374022364616394	0.11521442	No	
row_530	ENSG00000114779	3732	0.06358639895915985	0.11476659	No	
row_531	ENSG00000067900	3755	0.061429496854543686	0.112306364	No	
row_532	ENSG00000135912	3762	0.06106159836053848	0.11173478	No	
row_533	ENSG00000181788	3768	0.06079960986971855	0.111280695	No	
row_534	ENSG00000151292	3775	0.060204602777957916	0.11070718	No	
row_535	ENSG00000148690	3784	0.059232134371995926	0.10989531	No	
row_536	ENSG00000145284	3788	0.0587032251060009	0.1096727	No	
row_537	ENSG00000128710	3792	0.058290380984544754	0.10944918	No	
row_538	ENSG00000159216	3802	0.05777564272284508	0.10851595	No	
row_539	ENSG00000123415	3815	0.05672042816877365	0.107226074	No	
row_540	ENSG00000134324	3836	0.05543652921915054	0.10498858	No	
row_541	ENSG00000187555	3841	0.05519811064004898	0.10464003	No	
row_542	ENSG00000146433	3851	0.054597627371549606	0.10369967	No	
row_543	ENSG00000152377	3853	0.05445212498307228	0.103703715	No	
row_544	ENSG00000170558	3856	0.053828660398721695	0.10358827	No	
row_545	ENSG00000118197	3873	0.05292407050728798	0.10181751	No	
row_546	ENSG00000196547	3884	0.05220479145646095	0.10075369	No	
row_547	ENSG00000132970	3892	0.051793456077575684	0.10004322	No	
row_548	ENSG00000155542	3900	0.05090520530939102	0.09933076	No	
row_549	ENSG00000122958	3913	0.050183773040771484	0.09802622	No	
row_550	ENSG00000136895	3922	0.04918498173356056	0.09719182	No	
row_551	ENSG00000225791	3932	0.04806151241064072	0.096236795	No	
row_552	ENSG00000173442	3935	0.047993164509534836	0.096108265	No	
row_553	ENSG00000257704	3952	0.04700213670730591	0.09432422	No	
row_554	ENSG00000075292	3955	0.046955425292253494	0.09419336	No	
row_555	ENSG00000114744	3957	0.04684417322278023	0.094180346	No	
row_556	ENSG00000161980	3982	0.04548249393701553	0.09144816	No	
row_557	ENSG00000205730	3986	0.04532227665185928	0.091195546	No	
row_558	ENSG00000107537	3987	0.04528474435210228	0.09129712	No	
row_559	ENSG00000170545	3989	0.04525599256157875	0.091280535	No	
row_560	ENSG00000171453	4013	0.0435820072889328	0.088662185	No	
row_561	ENSG00000122390	4023	0.04329295456409454	0.08769647	No	
row_562	ENSG00000134278	4025	0.04323606193065643	0.087675355	No	
row_563	ENSG00000123095	4045	0.04206479713320732	0.08552597	No	
row_564	ENSG00000233429	4057	0.0415567047894001	0.08432017	No	
row_565	ENSG00000196670	4058	0.04135286808013916	0.084412925	No	
row_566	ENSG00000134897	4071	0.04062749445438385	0.08308695	No	
row_567	ENSG00000065970	4073	0.04048154875636101	0.08305967	No	
row_568	ENSG00000101444	4098	0.03827151283621788	0.08031131	No	
row_569	ENSG00000137185	4101	0.03808760270476341	0.08016056	No	
row_570	ENSG00000168792	4102	0.03806409239768982	0.080245934	No	
row_571	ENSG00000130956	4104	0.03797902166843414	0.08021303	No	
row_572	ENSG00000112406	4105	0.03793630376458168	0.080298126	No	
row_573	ENSG00000129292	4113	0.03748265653848648	0.079555556	No	
row_574	ENSG00000152749	4114	0.03728380426764488	0.07963919	No	
row_575	ENSG00000141582	4116	0.037186071276664734	0.07960451	No	
row_576	ENSG00000010803	4146	0.035292480140924454	0.07625901	No	
row_577	ENSG00000106603	4150	0.0350838266313076	0.07598343	No	
row_578	ENSG00000177383	4151	0.035070158541202545	0.07606209	No	
row_579	ENSG00000070081	4155	0.03500785306096077	0.07578634	No	
row_580	ENSG00000106355	4160	0.034739769995212555	0.075391896	No	
row_581	ENSG00000173517	4206	0.03244797885417938	0.070150554	No	
row_582	ENSG00000112576	4222	0.03185965120792389	0.06845064	No	
row_583	ENSG00000136813	4223	0.031851544976234436	0.06852208	No	
row_584	ENSG00000129003	4233	0.03141443431377411	0.06752972	No	
row_585	ENSG00000197355	4244	0.030657881870865822	0.066417575	No	
row_586	ENSG00000218175	4247	0.030631504952907562	0.06625009	No	
row_587	ENSG00000169554	4250	0.030148854479193687	0.06608154	No	
row_588	ENSG00000119865	4285	0.028388136997818947	0.062130097	No	
row_589	ENSG00000103335	4309	0.026425007730722427	0.05947326	No	
row_590	ENSG00000090621	4329	0.024952489882707596	0.057285488	No	
row_591	ENSG00000136052	4340	0.02424650825560093	0.056158956	No	
row_592	ENSG00000261455	4358	0.022898752242326736	0.05420276	No	
row_593	ENSG00000163297	4379	0.021418629214167595	0.051888973	No	
row_594	ENSG00000109654	4392	0.020580312237143517	0.050518032	No	
row_595	ENSG00000006282	4393	0.020515965297818184	0.05056405	No	
row_596	ENSG00000048828	4396	0.02045813389122486	0.050373755	No	
row_597	ENSG00000266338	4398	0.02037627063691616	0.05030137	No	
row_598	ENSG00000103707	4403	0.020168621093034744	0.049874242	No	
row_599	ENSG00000105767	4415	0.01934206672012806	0.04861862	No	
row_600	ENSG00000138119	4416	0.019324421882629395	0.048661962	No	
row_601	ENSG00000197747	4421	0.018723834306001663	0.048231594	No	
row_602	ENSG00000151914	4445	0.017197618260979652	0.04555406	No	
row_603	ENSG00000064042	4447	0.016975698992609978	0.045474045	No	
row_604	ENSG00000026025	4451	0.01675417087972164	0.04515735	No	
row_605	ENSG00000176853	4458	0.015928808599710464	0.04448453	No	
row_606	ENSG00000224424	4465	0.015613332390785217	0.043811	No	
row_607	ENSG00000162409	4466	0.015314881689846516	0.04384535	No	
row_608	ENSG00000182670	4490	0.013814843259751797	0.041160233	No	
row_609	ENSG00000233593	4520	0.011899074539542198	0.037762266	No	
row_610	ENSG00000142634	4521	0.011878352612257004	0.03778891	No	
row_611	ENSG00000130340	4523	0.01177262980490923	0.037697222	No	
row_612	ENSG00000161921	4529	0.011553124524652958	0.03713268	No	
row_613	ENSG00000115758	4542	0.010701199993491173	0.035739582	No	
row_614	ENSG00000196116	4543	0.010487120598554611	0.035763104	No	
row_615	ENSG00000140406	4553	0.010105685330927372	0.034722947	No	
row_616	ENSG00000160062	4557	0.009972249157726765	0.03439104	No	
row_617	ENSG00000183826	4584	0.008362947963178158	0.03133942	No	
row_618	ENSG00000175606	4604	0.006592871621251106	0.029110463	No	
row_619	ENSG00000104450	4605	0.006365496665239334	0.02912474	No	
row_620	ENSG00000170854	4608	0.006233851425349712	0.02890254	No	
row_621	ENSG00000109466	4616	0.005847030784934759	0.028089015	No	
row_622	ENSG00000139178	4629	0.005051326937973499	0.026683245	No	
row_623	ENSG00000178695	4632	0.004973793867975473	0.026458219	No	
row_624	ENSG00000186352	4636	0.004585344810038805	0.026114227	No	
row_625	ENSG00000162542	4650	0.003785794135183096	0.024587529	No	
row_626	ENSG00000114302	4651	0.0036856040824204683	0.024595795	No	
row_627	ENSG00000136295	4659	0.0029917522333562374	0.023775864	No	
row_628	ENSG00000100503	4666	0.002234072657302022	0.023072327	No	
row_629	ENSG00000110696	4681	0.0011549292830750346	0.021421634	No	
row_630	ENSG00000148468	4686	9.816678939387202E-4	0.020951468	No	
row_631	ENSG00000143801	4687	9.333965717814863E-4	0.020953562	No	
row_632	ENSG00000180694	4690	6.347779999487102E-4	0.020718804	No	
row_633	ENSG00000183011	4705	-1.8482944869901985E-4	0.019065935	No	
row_634	ENSG00000101577	4706	-2.63501686276868E-4	0.019066526	No	
row_635	ENSG00000115306	4712	-5.428001750260592E-4	0.018477285	No	
row_636	ENSG00000015171	4715	-9.280044469051063E-4	0.018243182	No	
row_637	ENSG00000077044	4734	-0.0024093363899737597	0.016122937	No	
row_638	ENSG00000154122	4739	-0.0026973013300448656	0.015656622	No	
row_639	ENSG00000135090	4750	-0.0033258458133786917	0.014483165	No	
row_640	ENSG00000114446	4756	-0.003729397663846612	0.013901072	No	
row_641	ENSG00000183255	4761	-0.003998069558292627	0.013437673	No	
row_642	ENSG00000271133	4791	-0.00558784743770957	0.01002555	No	
row_643	ENSG00000100596	4802	-0.0060736131854355335	0.008858256	No	
row_644	ENSG00000103528	4805	-0.006200942676514387	0.008635982	No	
row_645	ENSG00000170027	4815	-0.006560165900737047	0.0075878715	No	
row_646	ENSG00000137575	4843	-0.008399897255003452	0.0044182385	No	
row_647	ENSG00000140937	4846	-0.008658242411911488	0.004201476	No	
row_648	ENSG00000130449	4849	-0.008782011456787586	0.003984991	No	
row_649	ENSG00000219481	4854	-0.0091281458735466	0.003533099	No	
row_650	ENSG00000166986	4860	-0.009383948519825935	0.0029636892	No	
row_651	ENSG00000096063	4866	-0.009905114769935608	0.0023954485	No	
row_652	ENSG00000140455	4867	-0.009941467083990574	0.0024177474	No	
row_653	ENSG00000151229	4873	-0.010273381136357784	0.0018503326	No	
row_654	ENSG00000103855	4875	-0.010293062776327133	0.0017553285	No	
row_655	ENSG00000171617	4885	-0.011350993067026138	7.179643E-4	No	
row_656	ENSG00000113522	4887	-0.011430907994508743	6.2551245E-4	No	
row_657	ENSG00000141447	4888	-0.011483220383524895	6.5126957E-4	No	
row_658	ENSG00000101546	4900	-0.012065581046044827	-6.2067504E-4	No	
row_659	ENSG00000116962	4901	-0.01214805617928505	-5.934267E-4	No	
row_660	ENSG00000131941	4909	-0.012604977935552597	-0.0013917949	No	
row_661	ENSG00000134283	4935	-0.014387504197657108	-0.0043118144	No	
row_662	ENSG00000130939	4948	-0.01515659224241972	-0.0056949174	No	
row_663	ENSG00000174748	4949	-0.015171737410128117	-0.005660887	No	
row_664	ENSG00000175471	4961	-0.016299724578857422	-0.006923334	No	
row_665	ENSG00000244405	4967	-0.0167893934994936	-0.0074761333	No	
row_666	ENSG00000245694	4979	-0.017863979563117027	-0.008735072	No	
row_667	ENSG00000165868	4981	-0.018006514757871628	-0.008812775	No	
row_668	ENSG00000166444	4993	-0.01872449368238449	-0.010069784	No	
row_669	ENSG00000087206	5000	-0.01919540949165821	-0.010735277	No	
row_670	ENSG00000245937	5031	-0.0219288133084774	-0.014228839	No	
row_671	ENSG00000058063	5035	-0.022046785801649094	-0.014533663	No	
row_672	ENSG00000151322	5039	-0.022315287962555885	-0.014837884	No	
row_673	ENSG00000142686	5054	-0.02335001714527607	-0.016438793	No	
row_674	ENSG00000142327	5078	-0.024545986205339432	-0.019099843	No	
row_675	ENSG00000159267	5084	-0.024988362565636635	-0.019634252	No	
row_676	ENSG00000188042	5093	-0.02534431219100952	-0.020522138	No	
row_677	ENSG00000091844	5095	-0.025377754122018814	-0.020583306	No	
row_678	ENSG00000005020	5096	-0.025388875976204872	-0.020526359	No	
row_679	ENSG00000065883	5102	-0.025673530995845795	-0.02105923	No	
row_680	ENSG00000115935	5103	-0.025712236762046814	-0.021001557	No	
row_681	ENSG00000121058	5106	-0.025956660509109497	-0.02117952	No	
row_682	ENSG00000197238	5107	-0.026001254096627235	-0.021121198	No	
row_683	ENSG00000171634	5119	-0.027176037430763245	-0.022359248	No	
row_684	ENSG00000108819	5130	-0.027902334928512573	-0.02347758	No	
row_685	ENSG00000119185	5143	-0.028801826760172844	-0.024830077	No	
row_686	ENSG00000086289	5144	-0.028856532648205757	-0.02476535	No	
row_687	ENSG00000145545	5157	-0.02964206598699093	-0.026115963	No	
row_688	ENSG00000055917	5166	-0.030371233820915222	-0.026992572	No	
row_689	ENSG00000172986	5175	-0.031011193990707397	-0.027867746	No	
row_690	ENSG00000166839	5187	-0.03180084750056267	-0.029095424	No	
row_691	ENSG00000083097	5204	-0.03284917026758194	-0.030911209	No	
row_692	ENSG00000235162	5215	-0.0333423838019371	-0.03201734	No	
row_693	ENSG00000188130	5218	-0.0334906280040741	-0.032178402	No	
row_694	ENSG00000084070	5239	-0.03511664271354675	-0.034461465	No	
row_695	ENSG00000095564	5245	-0.03548760712146759	-0.034972325	No	
row_696	ENSG00000173166	5248	-0.03583706542849541	-0.035128124	No	
row_697	ENSG00000143878	5271	-0.03702762350440025	-0.037643086	No	
row_698	ENSG00000144476	5295	-0.0383797287940979	-0.040273108	No	
row_699	ENSG00000100196	5322	-0.039828743785619736	-0.043254156	No	
row_700	ENSG00000049449	5323	-0.03982912749052048	-0.043164816	No	
row_701	ENSG00000241399	5327	-0.040013790130615234	-0.04342934	No	
row_702	ENSG00000025156	5338	-0.040413446724414825	-0.044519607	No	
row_703	ENSG00000162407	5349	-0.04147528484463692	-0.045607492	No	
row_704	ENSG00000067955	5351	-0.04154105857014656	-0.045632407	No	
row_705	ENSG00000170088	5354	-0.041684724390506744	-0.045775093	No	
row_706	ENSG00000148444	5357	-0.041765205562114716	-0.045917593	No	
row_707	ENSG00000168769	5370	-0.042405348271131516	-0.04723958	No	
row_708	ENSG00000138463	5380	-0.043063562363386154	-0.04820581	No	
row_709	ENSG00000122068	5402	-0.044961243867874146	-0.050584886	No	
row_710	ENSG00000168036	5403	-0.04499562457203865	-0.05048396	No	
row_711	ENSG00000135454	5412	-0.04570388421416283	-0.051326178	No	
row_712	ENSG00000181381	5414	-0.0457536019384861	-0.05134164	No	
row_713	ENSG00000004455	5418	-0.04608095437288284	-0.05159256	No	
row_714	ENSG00000039319	5431	-0.0467204749584198	-0.052904863	No	
row_715	ENSG00000156170	5432	-0.04679710790514946	-0.052799895	No	
row_716	ENSG00000099250	5438	-0.04720054194331169	-0.05328448	No	
row_717	ENSG00000134452	5440	-0.04725683853030205	-0.053296573	No	
row_718	ENSG00000116171	5442	-0.0474727526307106	-0.053308185	No	
row_719	ENSG00000139266	5444	-0.047651782631874084	-0.05331939	No	
row_720	ENSG00000253710	5451	-0.048048753291368484	-0.05392017	No	
row_721	ENSG00000178163	5474	-0.04929966852068901	-0.056407604	No	
row_722	ENSG00000154734	5477	-0.04950610548257828	-0.056532744	No	
row_723	ENSG00000114698	5478	-0.049506355077028275	-0.056421697	No	
row_724	ENSG00000180488	5486	-0.05006396770477295	-0.057136048	No	
row_725	ENSG00000163946	5514	-0.05196881666779518	-0.06020795	No	
row_726	ENSG00000037474	5528	-0.05257495492696762	-0.061625216	No	
row_727	ENSG00000107863	5529	-0.05264440178871155	-0.061507136	No	
row_728	ENSG00000198034	5531	-0.052721116691827774	-0.06150697	No	
row_729	ENSG00000007392	5541	-0.05338551476597786	-0.06245005	No	
row_730	ENSG00000230124	5544	-0.053524430841207504	-0.062566176	No	
row_731	ENSG00000147133	5584	-0.056031402200460434	-0.067046076	No	
row_732	ENSG00000107679	5595	-0.05683891102671623	-0.0680995	No	
row_733	ENSG00000168924	5603	-0.05716831609606743	-0.06879791	No	
row_734	ENSG00000130787	5605	-0.057341936975717545	-0.06878738	No	
row_735	ENSG00000157450	5613	-0.05797504633665085	-0.06948399	No	
row_736	ENSG00000135052	5625	-0.05915176123380661	-0.07065032	No	
row_737	ENSG00000095321	5631	-0.059791386127471924	-0.07110666	No	
row_738	ENSG00000164002	5636	-0.059997785836458206	-0.07144445	No	
row_739	ENSG00000139200	5678	-0.06302668899297714	-0.07614484	No	
row_740	ENSG00000128791	5686	-0.0637727826833725	-0.076828435	No	
row_741	ENSG00000169641	5693	-0.0642872303724289	-0.07739279	No	
row_742	ENSG00000276075	5702	-0.0646466463804245	-0.07819252	No	
row_743	ENSG00000125386	5725	-0.06626647710800171	-0.080641896	No	
row_744	ENSG00000143641	5727	-0.06661645323038101	-0.080610566	No	
row_745	ENSG00000162576	5761	-0.06820236891508102	-0.08435461	No	
row_746	ENSG00000094914	5764	-0.0685046911239624	-0.08443713	No	
row_747	ENSG00000144560	5766	-0.06895434111356735	-0.08440056	No	
row_748	ENSG00000129187	5788	-0.07039813697338104	-0.086722575	No	
row_749	ENSG00000115902	5800	-0.07126928865909576	-0.087861724	No	
row_750	ENSG00000110987	5807	-0.0714670792222023	-0.088409975	No	
row_751	ENSG00000139631	5816	-0.07202335447072983	-0.08919316	No	
row_752	ENSG00000131375	5820	-0.07232952862977982	-0.0893852	No	
row_753	ENSG00000156017	5834	-0.07314600050449371	-0.09075632	No	
row_754	ENSG00000119203	5837	-0.07339086383581161	-0.09082788	No	
row_755	ENSG00000158467	5851	-0.07468179613351822	-0.09219556	No	
row_756	ENSG00000188242	5858	-0.07503749430179596	-0.092735805	No	
row_757	ENSG00000162545	5879	-0.07592534273862839	-0.09492733	No	
row_758	ENSG00000213066	5894	-0.07706748694181442	-0.096407756	No	
row_759	ENSG00000170191	5903	-0.07799707353115082	-0.097177535	No	
row_760	ENSG00000155189	5905	-0.07812559604644775	-0.09712039	No	
row_761	ENSG00000141664	5912	-0.0788470059633255	-0.097652085	No	
row_762	ENSG00000153094	5915	-0.07895477861166	-0.09771117	No	
row_763	ENSG00000115183	5916	-0.07897377014160156	-0.09753403	No	
row_764	ENSG00000133083	5928	-0.0796242281794548	-0.09865444	No	
row_765	ENSG00000100722	5931	-0.07987530529499054	-0.09871146	No	
row_766	ENSG00000119139	5962	-0.08218938112258911	-0.102069855	No	
row_767	ENSG00000144579	5963	-0.0823325589299202	-0.101885185	No	
row_768	ENSG00000102452	5965	-0.08240459114313126	-0.10181844	No	
row_769	ENSG00000129084	5990	-0.08418149501085281	-0.104463816	No	
row_770	ENSG00000100321	5993	-0.08431317657232285	-0.10451089	No	
row_771	ENSG00000136141	6000	-0.08476226776838303	-0.105029315	No	
row_772	ENSG00000169242	6002	-0.0849081501364708	-0.104956955	No	
row_773	ENSG00000102007	6004	-0.08502493053674698	-0.104884334	No	
row_774	ENSG00000169057	6024	-0.0865236222743988	-0.106933996	No	
row_775	ENSG00000083290	6027	-0.08655592799186707	-0.10697603	No	
row_776	ENSG00000185697	6050	-0.08818300068378448	-0.10937625	No	
row_777	ENSG00000138190	6067	-0.08927670121192932	-0.11106547	No	
row_778	ENSG00000197183	6073	-0.08956525474786758	-0.11145503	No	
row_779	ENSG00000148335	6083	-0.09007579833269119	-0.11231582	No	
row_780	ENSG00000196526	6086	-0.09041263908147812	-0.1123492	No	
row_781	ENSG00000163527	6087	-0.0905957892537117	-0.11214599	No	
row_782	ENSG00000143320	6089	-0.09062041342258453	-0.11206082	No	
row_783	ENSG00000178974	6098	-0.09105043113231659	-0.11280133	No	
row_784	ENSG00000120256	6105	-0.09137289226055145	-0.11330492	No	
row_785	ENSG00000158292	6112	-0.09185577929019928	-0.11380744	No	
row_786	ENSG00000141568	6114	-0.09198413044214249	-0.11371921	No	
row_787	ENSG00000112149	6132	-0.09261620044708252	-0.115519024	No	
row_788	ENSG00000066777	6143	-0.09343601763248444	-0.116490364	No	
row_789	ENSG00000132842	6150	-0.09391438961029053	-0.116988264	No	
row_790	ENSG00000228109	6154	-0.09399749338626862	-0.117131695	No	
row_791	ENSG00000107249	6156	-0.09407815337181091	-0.11703877	No	
row_792	ENSG00000073803	6158	-0.09414473921060562	-0.11694569	No	
row_793	ENSG00000119636	6172	-0.09490752965211868	-0.118268006	No	
row_794	ENSG00000122642	6173	-0.0949377715587616	-0.11805505	No	
row_795	ENSG00000151929	6182	-0.0958157628774643	-0.118784875	No	
row_796	ENSG00000164323	6209	-0.09775403141975403	-0.12163599	No	
row_797	ENSG00000134686	6210	-0.09780233353376389	-0.12141662	No	
row_798	ENSG00000177706	6213	-0.0979360044002533	-0.12143313	No	
row_799	ENSG00000168297	6217	-0.09820065647363663	-0.12156714	No	
row_800	ENSG00000152601	6223	-0.0985754057765007	-0.121936485	No	
row_801	ENSG00000167535	6243	-0.10026099532842636	-0.12395534	No	
row_802	ENSG00000182606	6273	-0.10194187611341476	-0.12715134	No	
row_803	ENSG00000128713	6292	-0.10363231599330902	-0.12904455	No	
row_804	ENSG00000127418	6297	-0.10382536053657532	-0.12928402	No	
row_805	ENSG00000011198	6299	-0.10397491604089737	-0.1291689	No	
row_806	ENSG00000149273	6305	-0.10491430759429932	-0.12952404	No	
row_807	ENSG00000134013	6323	-0.1064329519867897	-0.13129286	No	
row_808	ENSG00000148848	6330	-0.1067163348197937	-0.13176204	No	
row_809	ENSG00000085788	6352	-0.10831282287836075	-0.13399902	No	
row_810	ENSG00000171823	6356	-0.10835273563861847	-0.13411026	No	
row_811	ENSG00000074410	6365	-0.10911114513874054	-0.13481025	No	
row_812	ENSG00000056050	6367	-0.10930147767066956	-0.13468318	No	
row_813	ENSG00000106617	6372	-0.10956639796495438	-0.13490978	No	
row_814	ENSG00000128654	6392	-0.11078955978155136	-0.13690501	No	
row_815	ENSG00000105855	6418	-0.11209014803171158	-0.1396059	No	
row_816	ENSG00000136936	6419	-0.11213177442550659	-0.13935438	No	
row_817	ENSG00000147604	6430	-0.11286698281764984	-0.14028212	No	
row_818	ENSG00000162520	6434	-0.11306380480527878	-0.1403828	No	
row_819	ENSG00000185049	6451	-0.11463171243667603	-0.14201514	No	
row_820	ENSG00000112851	6455	-0.11479250341653824	-0.14211194	No	
row_821	ENSG00000157617	6456	-0.11484067142009735	-0.14185435	No	
row_822	ENSG00000125257	6458	-0.11507674306631088	-0.14171432	No	
row_823	ENSG00000185090	6465	-0.11590176075696945	-0.1421629	No	
row_824	ENSG00000204977	6479	-0.11729945987462997	-0.14343499	No	
row_825	ENSG00000169567	6486	-0.11780178546905518	-0.14387931	No	
row_826	ENSG00000169251	6490	-0.11801698803901672	-0.14396887	No	
row_827	ENSG00000159685	6495	-0.11873026192188263	-0.14417492	No	
row_828	ENSG00000237004	6509	-0.11946997046470642	-0.14544213	No	
row_829	ENSG00000116731	6512	-0.11951838433742523	-0.14541024	No	
row_830	ENSG00000111666	6514	-0.11969617754220963	-0.14525984	No	
row_831	ENSG00000087460	6519	-0.12009581178426743	-0.14546283	No	
row_832	ENSG00000072609	6520	-0.1202111467719078	-0.14519319	No	
row_833	ENSG00000237380	6529	-0.12079448252916336	-0.14586699	No	
row_834	ENSG00000105186	6533	-0.12129313498735428	-0.1459492	No	
row_835	ENSG00000108669	6535	-0.12151020765304565	-0.14579473	No	
row_836	ENSG00000196428	6555	-0.12295922636985779	-0.14776269	No	
row_837	ENSG00000155287	6557	-0.12319241464138031	-0.14760445	No	
row_838	ENSG00000071051	6558	-0.12344185262918472	-0.14732756	No	
row_839	ENSG00000109762	6564	-0.12388304620981216	-0.14764015	No	
row_840	ENSG00000184619	6567	-0.12401121109724045	-0.14759818	No	
row_841	ENSG00000125898	6573	-0.12432986497879028	-0.14790976	No	
row_842	ENSG00000174720	6578	-0.12472599744796753	-0.14810236	No	
row_843	ENSG00000075975	6582	-0.1250586211681366	-0.14817612	No	
row_844	ENSG00000157077	6592	-0.12540827691555023	-0.14895765	No	
row_845	ENSG00000164024	6650	-0.1296529620885849	-0.15539807	No	
row_846	ENSG00000140382	6658	-0.1305200606584549	-0.15593195	No	
row_847	ENSG00000181396	6666	-0.13163712620735168	-0.15646333	No	
row_848	ENSG00000142039	6667	-0.13173380494117737	-0.15616785	No	
row_849	ENSG00000102804	6678	-0.1325938105583191	-0.15705135	No	
row_850	ENSG00000176407	6680	-0.13267089426517487	-0.15687186	No	
row_851	ENSG00000206418	6690	-0.13337039947509766	-0.15763552	No	
row_852	ENSG00000162174	6695	-0.1335773766040802	-0.15780827	No	
row_853	ENSG00000185551	6702	-0.13388897478580475	-0.1582165	No	
row_854	ENSG00000099917	6716	-0.13556383550167084	-0.15944763	No	
row_855	ENSG00000019144	6726	-0.13650661706924438	-0.16020426	No	
row_856	ENSG00000101400	6735	-0.13687211275100708	-0.16084199	No	
row_857	ENSG00000008441	6741	-0.13703155517578125	-0.1611251	No	
row_858	ENSG00000162595	6750	-0.13775168359279633	-0.16176084	No	
row_859	ENSG00000163635	6752	-0.13779190182685852	-0.16156986	No	
row_860	ENSG00000169692	6753	-0.13779409229755402	-0.16126078	No	
row_861	ENSG00000051128	6786	-0.14049023389816284	-0.1647246	No	
row_862	ENSG00000159884	6794	-0.14117828011512756	-0.16523457	No	
row_863	ENSG00000141905	6807	-0.14214330911636353	-0.16633284	No	
row_864	ENSG00000176014	6809	-0.14254167675971985	-0.16613121	No	
row_865	ENSG00000104714	6830	-0.14423412084579468	-0.16816951	No	
row_866	ENSG00000221869	6834	-0.14441604912281036	-0.16819987	No	
row_867	ENSG00000145349	6837	-0.1444772630929947	-0.16811198	No	
row_868	ENSG00000127920	6846	-0.1449708640575409	-0.16873154	No	
row_869	ENSG00000169410	6847	-0.1449776440858841	-0.16840635	No	
row_870	ENSG00000181264	6848	-0.1450376808643341	-0.16808103	No	
row_871	ENSG00000115365	6856	-0.14579400420188904	-0.16858065	No	
row_872	ENSG00000107186	6857	-0.14580458402633667	-0.16825362	No	
row_873	ENSG00000260027	6858	-0.14585824310779572	-0.16792645	No	
row_874	ENSG00000126804	6860	-0.1458924412727356	-0.16771731	No	
row_875	ENSG00000198142	6861	-0.14599528908729553	-0.16738982	No	
row_876	ENSG00000169660	6864	-0.1462716907262802	-0.16729793	No	
row_877	ENSG00000139436	6873	-0.14689423143863678	-0.16791317	No	
row_878	ENSG00000163806	6886	-0.14782798290252686	-0.16899869	No	
row_879	ENSG00000005302	6894	-0.14840012788772583	-0.16949247	No	
row_880	ENSG00000198648	6897	-0.14863309264183044	-0.16939527	No	
row_881	ENSG00000172262	6919	-0.15040187537670135	-0.17153783	No	
row_882	ENSG00000135452	6925	-0.15067324042320251	-0.17179033	No	
row_883	ENSG00000196850	6926	-0.15068793296813965	-0.17145233	No	
row_884	ENSG00000090905	6927	-0.15073034167289734	-0.17111424	No	
row_885	ENSG00000065882	6957	-0.15292644500732422	-0.17419587	No	
row_886	ENSG00000168938	6976	-0.15448571741580963	-0.17597501	No	
row_887	ENSG00000172531	7004	-0.15822087228298187	-0.1788086	No	
row_888	ENSG00000108551	7050	-0.16351595520973206	-0.18375595	No	
row_889	ENSG00000071575	7061	-0.16438305377960205	-0.18456815	No	
row_890	ENSG00000136770	7062	-0.1644601970911026	-0.18419926	No	
row_891	ENSG00000023572	7065	-0.1645013391971588	-0.18406646	No	
row_892	ENSG00000140391	7067	-0.16459757089614868	-0.18381536	No	
row_893	ENSG00000106853	7093	-0.16695603728294373	-0.18639317	No	
row_894	ENSG00000139437	7099	-0.16760657727718353	-0.18660767	No	
row_895	ENSG00000243364	7100	-0.16761788725852966	-0.1862317	No	
row_896	ENSG00000130529	7101	-0.16771811246871948	-0.18585551	No	
row_897	ENSG00000123552	7122	-0.16908320784568787	-0.18783809	No	
row_898	ENSG00000076706	7128	-0.16973155736923218	-0.18804783	No	
row_899	ENSG00000158169	7138	-0.17035120725631714	-0.18872856	No	
row_900	ENSG00000179195	7142	-0.1711871325969696	-0.18869886	No	
row_901	ENSG00000113318	7147	-0.17138108611106873	-0.1887868	No	
row_902	ENSG00000100227	7163	-0.1725584715604782	-0.19017114	No	
row_903	ENSG00000101265	7166	-0.17265374958515167	-0.19002005	No	
row_904	ENSG00000179456	7183	-0.17390687763690948	-0.19151944	No	
row_905	ENSG00000163633	7188	-0.17426082491874695	-0.19160093	No	
row_906	ENSG00000181163	7189	-0.17428788542747498	-0.19121	No	
row_907	ENSG00000066044	7193	-0.17460256814956665	-0.19117264	No	
row_908	ENSG00000167695	7197	-0.17479932308197021	-0.19113484	No	
row_909	ENSG00000240429	7198	-0.1748431921005249	-0.19074266	No	
row_910	ENSG00000130147	7204	-0.1753207892179489	-0.19093987	No	
row_911	ENSG00000155858	7209	-0.17566174268722534	-0.19101822	No	
row_912	ENSG00000147526	7219	-0.17672014236450195	-0.19168466	No	
row_913	ENSG00000166347	7227	-0.1773887276649475	-0.19211341	No	
row_914	ENSG00000203485	7242	-0.17867803573608398	-0.19336592	No	
row_915	ENSG00000143653	7249	-0.17930881679058075	-0.19367227	No	
row_916	ENSG00000122484	7259	-0.18021269142627716	-0.19433087	No	
row_917	ENSG00000134291	7264	-0.18107262253761292	-0.19439709	No	
row_918	ENSG00000152492	7267	-0.18118633329868317	-0.19422688	No	
row_919	ENSG00000075539	7277	-0.18237926065921783	-0.19488062	No	
row_920	ENSG00000123104	7280	-0.1824350208044052	-0.19470759	No	
row_921	ENSG00000107263	7284	-0.18261082470417023	-0.19465227	No	
row_922	ENSG00000176715	7292	-0.18395565450191498	-0.19506629	No	
row_923	ENSG00000106348	7300	-0.1842930167913437	-0.19547956	No	
row_924	ENSG00000171703	7307	-0.18556439876556396	-0.19577189	No	
row_925	ENSG00000198947	7313	-0.18645744025707245	-0.19594412	No	
row_926	ENSG00000159231	7314	-0.18648889660835266	-0.19552583	No	
row_927	ENSG00000188290	7326	-0.187485933303833	-0.1964043	No	
row_928	ENSG00000163714	7330	-0.1881805956363678	-0.19633648	No	
row_929	ENSG00000198752	7332	-0.18834398686885834	-0.1960321	No	
row_930	ENSG00000121297	7334	-0.18844860792160034	-0.1957275	No	
row_931	ENSG00000178401	7344	-0.1892644613981247	-0.1963658	No	
row_932	ENSG00000188313	7348	-0.18956337869167328	-0.19629489	No	
row_933	ENSG00000196227	7352	-0.18989939987659454	-0.19622321	No	
row_934	ENSG00000125266	7361	-0.1907355934381485	-0.19674012	No	
row_935	ENSG00000106070	7365	-0.1912965029478073	-0.19666532	No	
row_936	ENSG00000168283	7375	-0.19203227758407593	-0.19729741	No	
row_937	ENSG00000176597	7376	-0.19218093156814575	-0.19686633	No	
row_938	ENSG00000118804	7377	-0.19227364659309387	-0.19643506	No	
row_939	ENSG00000063978	7400	-0.19454653561115265	-0.1985967	No	
row_940	ENSG00000160746	7411	-0.19512541592121124	-0.19933996	No	
row_941	ENSG00000205189	7418	-0.19603386521339417	-0.19960879	No	
row_942	ENSG00000124767	7422	-0.19649271667003632	-0.19952233	No	
row_943	ENSG00000101347	7430	-0.1971566081047058	-0.19990675	No	
row_944	ENSG00000137941	7443	-0.1983795464038849	-0.20087887	No	
row_945	ENSG00000108666	7447	-0.19872963428497314	-0.2007874	No	
row_946	ENSG00000171700	7448	-0.19883303344249725	-0.2003414	No	
row_947	ENSG00000198833	7453	-0.199037566781044	-0.20036733	No	
row_948	ENSG00000071242	7456	-0.1991872787475586	-0.20015673	No	
row_949	ENSG00000184992	7460	-0.19967402517795563	-0.20006314	No	
row_950	ENSG00000100523	7472	-0.2010696977376938	-0.20091113	No	
row_951	ENSG00000106144	7478	-0.20206937193870544	-0.20104834	No	
row_952	ENSG00000081320	7492	-0.2036893516778946	-0.20212667	No	
row_953	ENSG00000100592	7495	-0.2042800784111023	-0.20190464	No	
row_954	ENSG00000060762	7499	-0.20492497086524963	-0.20179926	No	
row_955	ENSG00000123684	7503	-0.20586858689785004	-0.20169178	No	
row_956	ENSG00000181619	7510	-0.2064807116985321	-0.20193718	No	
row_957	ENSG00000128283	7524	-0.20828810334205627	-0.20300518	No	
row_958	ENSG00000106344	7541	-0.20991599559783936	-0.2044238	No	
row_959	ENSG00000146648	7543	-0.21015015244483948	-0.20407052	No	
row_960	ENSG00000138430	7549	-0.21071390807628632	-0.20418833	No	
row_961	ENSG00000136938	7558	-0.21170148253440857	-0.20465823	No	
row_962	ENSG00000175087	7559	-0.211721733212471	-0.20418333	No	
row_963	ENSG00000198130	7560	-0.2117832452058792	-0.20370829	No	
row_964	ENSG00000120833	7566	-0.21248893439769745	-0.20382214	No	
row_965	ENSG00000117385	7573	-0.21336619555950165	-0.20405209	No	
row_966	ENSG00000124126	7584	-0.21447433531284332	-0.20475194	No	
row_967	ENSG00000116857	7591	-0.2150440365076065	-0.20497814	No	
row_968	ENSG00000166266	7613	-0.21730145812034607	-0.20697065	No	
row_969	ENSG00000170365	7617	-0.2175658494234085	-0.20683692	No	
row_970	ENSG00000147027	7626	-0.2187117040157318	-0.20729108	No	
row_971	ENSG00000141576	7635	-0.21955515444278717	-0.20774335	No	
row_972	ENSG00000102763	7637	-0.21964456140995026	-0.20736878	No	
row_973	ENSG00000019549	7642	-0.22023917734622955	-0.20734714	No	
row_974	ENSG00000162929	7644	-0.22055014967918396	-0.20697053	No	
row_975	ENSG00000073417	7646	-0.22075240314006805	-0.20659347	No	
row_976	ENSG00000118402	7650	-0.22101512551307678	-0.206452	No	
row_977	ENSG00000124831	7654	-0.22124867141246796	-0.20631002	No	
row_978	ENSG00000128789	7656	-0.22150546312332153	-0.20593126	No	
row_979	ENSG00000118507	7657	-0.22151830792427063	-0.2054344	No	
row_980	ENSG00000108064	7660	-0.2217961549758911	-0.20517308	No	
row_981	ENSG00000163249	7661	-0.2219771444797516	-0.20467518	No	
row_982	ENSG00000131873	7663	-0.22204405069351196	-0.20429522	No	
row_983	ENSG00000164542	7664	-0.22215113043785095	-0.20379694	No	
row_984	ENSG00000080503	7666	-0.22221890091896057	-0.20341659	No	
row_985	ENSG00000064199	7669	-0.2225494533777237	-0.20315358	No	
row_986	ENSG00000135314	7673	-0.2226816713809967	-0.20300838	No	
row_987	ENSG00000162980	7676	-0.2230261266231537	-0.2027443	No	
row_988	ENSG00000183098	7691	-0.2243691086769104	-0.20389433	No	
row_989	ENSG00000143126	7692	-0.22453878819942474	-0.20339069	No	
row_990	ENSG00000090530	7696	-0.22504326701164246	-0.20324019	No	
row_991	ENSG00000138614	7698	-0.22516828775405884	-0.20285322	No	
row_992	ENSG00000081377	7715	-0.22733189165592194	-0.20423277	No	
row_993	ENSG00000138709	7722	-0.22795313596725464	-0.20443001	No	
row_994	ENSG00000112144	7723	-0.2280503362417221	-0.20391849	No	
row_995	ENSG00000163637	7741	-0.2293083667755127	-0.2054117	No	
row_996	ENSG00000101126	7748	-0.23028241097927094	-0.20560373	No	
row_997	ENSG00000141759	7758	-0.23102939128875732	-0.20614836	No	
row_998	ENSG00000144647	7767	-0.23172980546951294	-0.20657331	No	
row_999	ENSG00000183955	7789	-0.234619602560997	-0.20852697	No	
row_1000	ENSG00000026297	7793	-0.23511387407779694	-0.20835388	No	
row_1001	ENSG00000154654	7805	-0.23672126233577728	-0.20912193	No	
row_1002	ENSG00000148516	7806	-0.23674669861793518	-0.2085909	No	
row_1003	ENSG00000159733	7807	-0.23678460717201233	-0.20805977	No	
row_1004	ENSG00000134954	7815	-0.23770160973072052	-0.20835325	No	
row_1005	ENSG00000078053	7821	-0.23842190206050873	-0.20840892	No	
row_1006	ENSG00000138744	7826	-0.23883295059204102	-0.20834558	No	
row_1007	ENSG00000123983	7842	-0.24054844677448273	-0.2095774	No	
row_1008	ENSG00000166033	7851	-0.24137084186077118	-0.20998074	No	
row_1009	ENSG00000172915	7861	-0.2421870231628418	-0.21050033	No	
row_1010	ENSG00000113594	7864	-0.24270057678222656	-0.21019213	No	
row_1011	ENSG00000103260	7872	-0.24415169656276703	-0.21047114	No	
row_1012	ENSG00000108239	7878	-0.24435152113437653	-0.2105135	No	
row_1013	ENSG00000119938	7890	-0.24519456923007965	-0.21126254	No	
row_1014	ENSG00000154102	7891	-0.24521984159946442	-0.2107125	No	
row_1015	ENSG00000144711	7892	-0.24522992968559265	-0.21016245	No	
row_1016	ENSG00000100426	7922	-0.2504958212375641	-0.21302524	No	
row_1017	ENSG00000140577	7925	-0.25098690390586853	-0.21269844	No	
row_1018	ENSG00000068615	7927	-0.2510579228401184	-0.21225342	No	
row_1019	ENSG00000187079	7941	-0.2528369724750519	-0.21322149	No	
row_1020	ENSG00000111907	7947	-0.25388103723526	-0.21324249	No	
row_1021	ENSG00000175879	7970	-0.2560632526874542	-0.21526614	No	
row_1022	ENSG00000164830	7971	-0.25672271847724915	-0.21469031	No	
row_1023	ENSG00000187556	7975	-0.2573992609977722	-0.21446723	No	
row_1024	ENSG00000183722	7976	-0.25741252303123474	-0.21388985	No	
row_1025	ENSG00000139597	7977	-0.2575703561306	-0.21331212	No	
row_1026	ENSG00000198420	7978	-0.257583349943161	-0.21273436	No	
row_1027	ENSG00000227051	7983	-0.25809237360954285	-0.21262781	No	
row_1028	ENSG00000170035	7986	-0.25838547945022583	-0.21228443	No	
row_1029	ENSG00000113761	8011	-0.26196008920669556	-0.21453105	No	
row_1030	ENSG00000242498	8014	-0.26259705424308777	-0.21417822	No	
row_1031	ENSG00000178053	8018	-0.26296761631965637	-0.21394265	No	
row_1032	ENSG00000104611	8024	-0.2636577785015106	-0.21394172	No	
row_1033	ENSG00000188343	8025	-0.2636801302433014	-0.21335028	No	
row_1034	ENSG00000172493	8027	-0.2644798457622528	-0.21287513	No	
row_1035	ENSG00000109787	8029	-0.26470890641212463	-0.21239948	No	
row_1036	ENSG00000198964	8035	-0.2657811939716339	-0.21239379	No	
row_1037	ENSG00000134202	8036	-0.26611989736557007	-0.21179686	No	
row_1038	ENSG00000161542	8053	-0.2684735357761383	-0.21308415	No	
row_1039	ENSG00000136717	8058	-0.2686954736709595	-0.21295382	No	
row_1040	ENSG00000173588	8067	-0.2696014642715454	-0.21329384	No	
row_1041	ENSG00000186522	8070	-0.26965636014938354	-0.21292517	No	
row_1042	ENSG00000109099	8071	-0.26979610323905945	-0.21232001	No	
row_1043	ENSG00000124422	8074	-0.2700060307979584	-0.21195057	No	
row_1044	ENSG00000148700	8077	-0.27067190408706665	-0.21157962	No	
row_1045	ENSG00000111879	8079	-0.2709231972694397	-0.21109003	No	
row_1046	ENSG00000072832	8081	-0.2712400555610657	-0.21059972	No	
row_1047	ENSG00000163083	8089	-0.27175384759902954	-0.21081682	No	
row_1048	ENSG00000168765	8098	-0.27333974838256836	-0.21114844	No	
row_1049	ENSG00000105948	8101	-0.27361416816711426	-0.2107709	No	
row_1050	ENSG00000162775	8102	-0.27375322580337524	-0.21015687	No	
row_1051	ENSG00000084072	8103	-0.2738235890865326	-0.20954268	No	
row_1052	ENSG00000163364	8108	-0.2743535041809082	-0.20939966	No	
row_1053	ENSG00000144118	8113	-0.27490755915641785	-0.20925541	No	
row_1054	ENSG00000091436	8115	-0.27495908737182617	-0.20875676	No	
row_1055	ENSG00000106571	8132	-0.2775053381919861	-0.21002378	No	
row_1056	ENSG00000152767	8139	-0.2784515917301178	-0.21010774	No	
row_1057	ENSG00000069869	8153	-0.2805800139904022	-0.2110136	No	
row_1058	ENSG00000104067	8171	-0.28288692235946655	-0.21238662	No	
row_1059	ENSG00000146281	8177	-0.28412216901779175	-0.21233979	No	
row_1060	ENSG00000101442	8178	-0.2841746509075165	-0.21170239	No	
row_1061	ENSG00000188641	8189	-0.28642430901527405	-0.21224084	No	
row_1062	ENSG00000004399	8196	-0.2878522276878357	-0.21230374	No	
row_1063	ENSG00000168675	8197	-0.2878791093826294	-0.21165802	No	
row_1064	ENSG00000183023	8209	-0.2884023189544678	-0.21231014	No	
row_1065	ENSG00000156030	8213	-0.28870880603790283	-0.21201682	No	
row_1066	ENSG00000271601	8220	-0.28998497128486633	-0.21207494	No	
row_1067	ENSG00000079931	8229	-0.29205387830734253	-0.21236458	No	
row_1068	ENSG00000198860	8238	-0.29366663098335266	-0.21265061	No	
row_1069	ENSG00000138641	8244	-0.29419949650764465	-0.21258117	No	
row_1070	ENSG00000101493	8262	-0.2963659167289734	-0.21392398	No	
row_1071	ENSG00000157510	8270	-0.2980097234249115	-0.21408218	No	
row_1072	ENSG00000072135	8278	-0.299594521522522	-0.21423683	No	
row_1073	ENSG00000278828	8280	-0.29995667934417725	-0.21368212	No	
row_1074	ENSG00000230798	8307	-0.30417704582214355	-0.21607022	No	
row_1075	ENSG00000138785	8311	-0.3046016991138458	-0.21574126	No	
row_1076	ENSG00000140350	8313	-0.30504900217056274	-0.21517512	No	
row_1077	ENSG00000177990	8319	-0.30646902322769165	-0.21507816	No	
row_1078	ENSG00000174891	8323	-0.30687928199768066	-0.2147441	No	
row_1079	ENSG00000125430	8326	-0.30716294050216675	-0.2142913	No	
row_1080	ENSG00000163590	8329	-0.30729854106903076	-0.21383822	No	
row_1081	ENSG00000168461	8343	-0.30925655364990234	-0.21467973	No	
row_1082	ENSG00000119333	8344	-0.30927303433418274	-0.21398604	No	
row_1083	ENSG00000119383	8348	-0.31008365750312805	-0.21364479	No	
row_1084	ENSG00000100387	8352	-0.3105645477771759	-0.21330245	No	
row_1085	ENSG00000180530	8365	-0.31295329332351685	-0.2140176	No	
row_1086	ENSG00000080200	8366	-0.31320682168006897	-0.21331507	No	
row_1087	ENSG00000229358	8367	-0.31325235962867737	-0.21261244	No	
row_1088	ENSG00000104375	8371	-0.31399857997894287	-0.2122624	No	
row_1089	ENSG00000151287	8373	-0.31412366032600403	-0.21167591	No	
row_1090	ENSG00000088035	8380	-0.31553158164024353	-0.21167672	No	
row_1091	ENSG00000163322	8384	-0.3158136010169983	-0.2113226	No	
row_1092	ENSG00000134138	8404	-0.3184189796447754	-0.21285214	No	
row_1093	ENSG00000092964	8408	-0.319044828414917	-0.21249078	No	
row_1094	ENSG00000164023	8411	-0.319914847612381	-0.21200939	No	
row_1095	ENSG00000152503	8449	-0.32889240980148315	-0.21564107	No	
row_1096	ENSG00000116678	8451	-0.3296241760253906	-0.2150198	No	
row_1097	ENSG00000137203	8452	-0.3296308219432831	-0.21428043	No	
row_1098	ENSG00000103657	8458	-0.33076298236846924	-0.21412899	No	
row_1099	ENSG00000134461	8460	-0.33100810647010803	-0.21350461	No	
row_1100	ENSG00000112699	8472	-0.3336472809314728	-0.21405524	No	
row_1101	ENSG00000128039	8476	-0.33432334661483765	-0.21365963	No	
row_1102	ENSG00000143847	8483	-0.33697134256362915	-0.21361235	No	
row_1103	ENSG00000010219	8491	-0.33865949511528015	-0.21367936	No	
row_1104	ENSG00000165716	8502	-0.34074652194976807	-0.21409598	No	
row_1105	ENSG00000134318	8507	-0.34161749482154846	-0.21380208	No	
row_1106	ENSG00000276966	8520	-0.34484508633613586	-0.2144457	No	
row_1107	ENSG00000137628	8535	-0.3464129865169525	-0.21532196	No	
row_1108	ENSG00000164638	8551	-0.35032978653907776	-0.21630754	No	
row_1109	ENSG00000107104	8553	-0.35050344467163086	-0.21563944	No	
row_1110	ENSG00000135049	8555	-0.3511572778224945	-0.21496989	No	
row_1111	ENSG00000129173	8562	-0.3527713716030121	-0.21488716	No	
row_1112	ENSG00000197763	8569	-0.35333970189094543	-0.21480316	No	
row_1113	ENSG00000109452	8574	-0.35388273000717163	-0.21448176	No	
row_1114	ENSG00000113448	8577	-0.3543620705604553	-0.2139231	No	
row_1115	ENSG00000049323	8578	-0.35462111234664917	-0.21312767	No	
row_1116	ENSG00000067992	8589	-0.3573092520236969	-0.21350715	No	
row_1117	ENSG00000166974	8591	-0.35766637325286865	-0.21282297	No	
row_1118	ENSG00000058091	8612	-0.3625485599040985	-0.2143716	No	
row_1119	ENSG00000115504	8623	-0.365424782037735	-0.21473287	No	
row_1120	ENSG00000107672	8625	-0.36642348766326904	-0.21402906	No	
row_1121	ENSG00000115825	8627	-0.3673555850982666	-0.21332318	No	
row_1122	ENSG00000145860	8634	-0.36880913376808167	-0.21320447	No	
row_1123	ENSG00000134569	8642	-0.37005415558815	-0.21320108	No	
row_1124	ENSG00000170775	8649	-0.3717527985572815	-0.21307577	No	
row_1125	ENSG00000180011	8652	-0.3726935386657715	-0.212476	No	
row_1126	ENSG00000015153	8697	-0.38303396105766296	-0.21681288	No	
row_1127	ENSG00000117643	8700	-0.38342589139938354	-0.21618903	No	
row_1128	ENSG00000144355	8704	-0.38437747955322266	-0.21568114	No	
row_1129	ENSG00000138640	8710	-0.3854169249534607	-0.21540709	No	
row_1130	ENSG00000066629	8722	-0.3867834806442261	-0.21583854	No	
row_1131	ENSG00000241472	8724	-0.3871768116950989	-0.21508819	No	
row_1132	ENSG00000141429	8731	-0.38903942704200745	-0.21492411	No	
row_1133	ENSG00000145362	8732	-0.38915491104125977	-0.21405123	No	
row_1134	ENSG00000106780	8733	-0.3892892897129059	-0.21317804	No	
row_1135	ENSG00000205269	8736	-0.39009755849838257	-0.21253923	No	
row_1136	ENSG00000100234	8740	-0.39143437147140503	-0.21201551	No	
row_1137	ENSG00000123096	8743	-0.39188751578330994	-0.21137267	No	
row_1138	ENSG00000164105	8747	-0.3926801085472107	-0.21084616	No	
row_1139	ENSG00000061918	8769	-0.3967949151992798	-0.21243607	No	
row_1140	ENSG00000146776	8773	-0.397418737411499	-0.21189892	No	
row_1141	ENSG00000103942	8774	-0.39849793910980225	-0.21100508	No	
row_1142	ENSG00000124942	8778	-0.3994949758052826	-0.21046329	No	
row_1143	ENSG00000135272	8780	-0.39988118410110474	-0.20968443	No	
row_1144	ENSG00000196839	8784	-0.4019888639450073	-0.20913704	No	
row_1145	ENSG00000114861	8798	-0.4053315222263336	-0.20976306	No	
row_1146	ENSG00000169255	8808	-0.40803396701812744	-0.20991066	No	
row_1147	ENSG00000135698	8831	-0.41493794322013855	-0.21157795	No	
row_1148	ENSG00000109685	8835	-0.41572821140289307	-0.21099974	No	
row_1149	ENSG00000154429	8837	-0.41650521755218506	-0.2101836	No	
row_1150	ENSG00000128714	8838	-0.4167124330997467	-0.20924892	No	
row_1151	ENSG00000169855	8847	-0.4180317521095276	-0.209256	No	
row_1152	ENSG00000166165	8851	-0.4196670949459076	-0.20866895	No	
row_1153	ENSG00000112320	8867	-0.4227118194103241	-0.20949216	No	
row_1154	ENSG00000176273	8873	-0.42458468675613403	-0.20913027	No	
row_1155	ENSG00000203724	8874	-0.42461174726486206	-0.20817785	No	
row_1156	ENSG00000173852	8881	-0.4257979094982147	-0.20793132	No	
row_1157	ENSG00000175305	8890	-0.4290716350078583	-0.20791365	No	
row_1158	ENSG00000120693	8893	-0.4298696219921112	-0.20718563	No	
row_1159	ENSG00000157985	8896	-0.4312289357185364	-0.20645455	No	
row_1160	ENSG00000173068	8920	-0.4384693205356598	-0.20818716	No	
row_1161	ENSG00000138449	8940	-0.44568198919296265	-0.20943123	No	
row_1162	ENSG00000161981	8948	-0.4477396309375763	-0.20925358	No	
row_1163	ENSG00000143797	8953	-0.44862061738967896	-0.20871969	No	
row_1164	ENSG00000006625	8957	-0.45045486092567444	-0.20806357	No	
row_1165	ENSG00000137563	8971	-0.4542809724807739	-0.20857981	No	
row_1166	ENSG00000070961	8978	-0.45752671360969543	-0.20826212	No	
row_1167	ENSG00000177721	8984	-0.4602915346622467	-0.20782012	No	
row_1168	ENSG00000135045	8985	-0.4603172242641449	-0.20678762	No	
row_1169	ENSG00000008513	8986	-0.46058493852615356	-0.20575452	No	
row_1170	ENSG00000087301	8995	-0.46372929215431213	-0.2056591	No	
row_1171	ENSG00000066583	8999	-0.4651763439178467	-0.20496997	No	
row_1172	ENSG00000072422	9008	-0.4674915373325348	-0.20486611	No	
row_1173	ENSG00000182809	9009	-0.4675144553184509	-0.20381747	No	
row_1174	ENSG00000173950	9037	-0.4799612760543823	-0.20592938	No	
row_1175	ENSG00000116127	9041	-0.48099470138549805	-0.20520477	No	
row_1176	ENSG00000156787	9042	-0.48102977871894836	-0.2041258	No	
row_1177	ENSG00000227036	9044	-0.4813709855079651	-0.20316418	No	
row_1178	ENSG00000114166	9050	-0.4844385087490082	-0.20266803	No	
row_1179	ENSG00000102362	9058	-0.4879462718963623	-0.2024002	No	
row_1180	ENSG00000181754	9060	-0.4887283742427826	-0.20142207	No	
row_1181	ENSG00000135446	9068	-0.49140995740890503	-0.20114645	No	
row_1182	ENSG00000166402	9078	-0.4949932098388672	-0.201099	No	
row_1183	ENSG00000153814	9091	-0.4998086988925934	-0.20139502	No	
row_1184	ENSG00000196405	9097	-0.5038825869560242	-0.20085526	No	
row_1185	ENSG00000119397	9108	-0.5075846314430237	-0.20089765	No	
row_1186	ENSG00000198055	9109	-0.5076768398284912	-0.19975892	No	
row_1187	ENSG00000151917	9112	-0.5079787373542786	-0.1988557	No	
row_1188	ENSG00000196975	9113	-0.5085554718971252	-0.197715	No	
row_1189	ENSG00000143013	9122	-0.5118564963340759	-0.19751163	No	
row_1190	ENSG00000005249	9128	-0.5145471692085266	-0.19694793	No	
row_1191	ENSG00000043355	9135	-0.518865168094635	-0.19649266	No	
row_1192	ENSG00000132613	9136	-0.5194082260131836	-0.19532762	No	
row_1193	ENSG00000122694	9143	-0.5230515003204346	-0.19486295	No	
row_1194	ENSG00000183814	9153	-0.5277799367904663	-0.19474195	No	
row_1195	ENSG00000146263	9159	-0.5293758511543274	-0.19414501	No	
row_1196	ENSG00000082014	9163	-0.5315877795219421	-0.19330692	No	
row_1197	ENSG00000261115	9177	-0.5357908010482788	-0.19364032	No	
row_1198	ENSG00000141574	9180	-0.5382601022720337	-0.19266918	No	
row_1199	ENSG00000159176	9183	-0.5403852462768555	-0.19169326	No	
row_1200	ENSG00000101955	9185	-0.5412440299987793	-0.19059734	No	
row_1201	ENSG00000235590	9193	-0.5440220832824707	-0.19020373	No	
row_1202	ENSG00000184304	9196	-0.5441644191741943	-0.18921933	No	
row_1203	ENSG00000088367	9198	-0.5453537106513977	-0.18811418	No	
row_1204	ENSG00000163935	9199	-0.5458819270133972	-0.18688975	No	
row_1205	ENSG00000165475	9202	-0.5487925410270691	-0.18589498	No	
row_1206	ENSG00000135540	9203	-0.5516068339347839	-0.18465772	No	
row_1207	ENSG00000279602	9207	-0.5526888370513916	-0.18377231	No	
row_1208	ENSG00000127423	9211	-0.5547044277191162	-0.18288237	No	
row_1209	ENSG00000091136	9214	-0.5565484762191772	-0.18187019	No	
row_1210	ENSG00000170390	9218	-0.5607788562774658	-0.18096663	No	
row_1211	ENSG00000135905	9219	-0.5617668032646179	-0.17970657	No	
row_1212	ENSG00000168904	9220	-0.5623198747634888	-0.17844528	No	
row_1213	ENSG00000013619	9223	-0.5656578540802002	-0.17741269	No	
row_1214	ENSG00000171843	9240	-0.5782169699668884	-0.17800519	No	
row_1215	ENSG00000021300	9248	-0.5835517048835754	-0.17752291	No	
row_1216	ENSG00000180998	9249	-0.5836062431335449	-0.17621388	No	
row_1217	ENSG00000116106	9261	-0.5915806293487549	-0.17618595	No	
row_1218	ENSG00000135838	9271	-0.597639799118042	-0.17590825	No	
row_1219	ENSG00000003096	9273	-0.5998668670654297	-0.17468084	No	
row_1220	ENSG00000112941	9275	-0.6002268195152283	-0.1734526	No	
row_1221	ENSG00000157240	9284	-0.6082186698913574	-0.17303309	No	
row_1222	ENSG00000175697	9298	-0.6169477701187134	-0.17318445	No	
row_1223	ENSG00000152582	9301	-0.617588460445404	-0.17203538	No	
row_1224	ENSG00000228716	9303	-0.6182234287261963	-0.17076677	No	
row_1225	ENSG00000182247	9305	-0.6183751225471497	-0.16949783	No	
row_1226	ENSG00000168077	9320	-0.6262388229370117	-0.16974646	No	
row_1227	ENSG00000029993	9327	-0.632874071598053	-0.16903545	No	
row_1228	ENSG00000157680	9341	-0.646224319934845	-0.16912115	No	
row_1229	ENSG00000181826	9348	-0.6531293392181396	-0.16836472	No	
row_1230	ENSG00000151491	9351	-0.6536815762519836	-0.16713467	No	
row_1231	ENSG00000152977	9358	-0.6590513586997986	-0.16636497	No	
row_1232	ENSG00000150867	9359	-0.66033935546875	-0.1648838	No	
row_1233	ENSG00000155158	9362	-0.6628788709640503	-0.16363314	No	
row_1234	ENSG00000154229	9364	-0.6633146405220032	-0.1622634	No	
row_1235	ENSG00000197959	9366	-0.6638089418411255	-0.16089255	No	
row_1236	ENSG00000152078	9368	-0.6656355261802673	-0.1595176	No	
row_1237	ENSG00000127528	9369	-0.6664894819259644	-0.15802266	No	
row_1238	ENSG00000091656	9381	-0.6740939021110535	-0.15780966	No	
row_1239	ENSG00000145555	9395	-0.685322105884552	-0.15780766	No	
row_1240	ENSG00000197977	9398	-0.6899575591087341	-0.15649626	No	
row_1241	ENSG00000163596	9402	-0.6905443668365479	-0.15530162	No	
row_1242	ENSG00000136943	9404	-0.6924799084663391	-0.15386647	No	
row_1243	ENSG00000144857	9409	-0.6966591477394104	-0.15277621	No	
row_1244	ENSG00000097046	9410	-0.6966646313667297	-0.15121357	No	
row_1245	ENSG00000247809	9411	-0.6973692178726196	-0.14964935	No	
row_1246	ENSG00000178177	9413	-0.6990209817886353	-0.14819953	No	
row_1247	ENSG00000138650	9415	-0.7023494243621826	-0.14674224	No	
row_1248	ENSG00000169129	9425	-0.7138802409172058	-0.14620382	No	
row_1249	ENSG00000253250	9427	-0.7142035365104675	-0.14471993	No	
row_1250	ENSG00000179104	9436	-0.7217995524406433	-0.14404565	No	
row_1251	ENSG00000182963	9438	-0.7223206758499146	-0.14254355	No	
row_1252	ENSG00000081803	9440	-0.7230216860771179	-0.1410399	No	
row_1253	ENSG00000106689	9441	-0.7233909368515015	-0.13941732	No	
row_1254	ENSG00000081189	9454	-0.733177125453949	-0.13918988	No	
row_1255	ENSG00000186951	9458	-0.7340274453163147	-0.13789771	No	
row_1256	ENSG00000213626	9460	-0.7374311685562134	-0.13636173	No	
row_1257	ENSG00000186918	9465	-0.7448384165763855	-0.13516341	No	
row_1258	ENSG00000116729	9490	-0.7684673070907593	-0.13627392	No	
row_1259	ENSG00000115271	9492	-0.7722431421279907	-0.13465986	No	
row_1260	ENSG00000135821	9495	-0.777102530002594	-0.13315298	No	
row_1261	ENSG00000189057	9499	-0.779865026473999	-0.131758	No	
row_1262	ENSG00000064651	9501	-0.7841082811355591	-0.13011733	No	
row_1263	ENSG00000054654	9504	-0.7845147252082825	-0.12859382	No	
row_1264	ENSG00000058056	9507	-0.7876293659210205	-0.12706333	No	
row_1265	ENSG00000188452	9514	-0.7932352423667908	-0.12599264	No	
row_1266	ENSG00000110881	9515	-0.7938509583473206	-0.12421202	No	
row_1267	ENSG00000174842	9516	-0.7939655780792236	-0.12243114	No	
row_1268	ENSG00000102098	9518	-0.7955822348594666	-0.12076472	No	
row_1269	ENSG00000145675	9523	-0.8001013398170471	-0.11944244	No	
row_1270	ENSG00000250303	9525	-0.804689884185791	-0.11775559	No	
row_1271	ENSG00000189157	9526	-0.805983304977417	-0.11594775	No	
row_1272	ENSG00000008277	9531	-0.8081920146942139	-0.11460733	No	
row_1273	ENSG00000238113	9534	-0.8146381378173828	-0.11301626	No	
row_1274	ENSG00000179981	9551	-0.846455454826355	-0.113007106	No	
row_1275	ENSG00000121964	9561	-0.867258608341217	-0.11212465	No	
row_1276	ENSG00000231607	9578	-0.8806153535842896	-0.11203888	No	
row_1277	ENSG00000118515	9580	-0.8850157260894775	-0.11017186	No	
row_1278	ENSG00000138795	9584	-0.8866055607795715	-0.10853746	No	
row_1279	ENSG00000198756	9587	-0.8882012367248535	-0.106781386	No	
row_1280	ENSG00000158164	9589	-0.8933573365211487	-0.10489566	No	
row_1281	ENSG00000119403	9592	-0.9013971090316772	-0.10310999	No	
row_1282	ENSG00000126778	9594	-0.9028967022895813	-0.10120287	No	
row_1283	ENSG00000123080	9598	-0.9121097922325134	-0.09951126	No	
row_1284	ENSG00000143995	9600	-0.9138243794441223	-0.09757962	No	
row_1285	ENSG00000169122	9602	-0.9144855737686157	-0.0956465	No	
row_1286	ENSG00000018236	9603	-0.9171659350395203	-0.093589276	No	
row_1287	ENSG00000143772	9606	-0.9274665117263794	-0.09174513	No	
row_1288	ENSG00000237036	9608	-0.9311962723731995	-0.08977453	No	
row_1289	ENSG00000184588	9625	-0.970445454120636	-0.08948727	No	
row_1290	ENSG00000150625	9630	-0.9778116345405579	-0.08776638	No	
row_1291	ENSG00000121957	9634	-0.9843661189079285	-0.0859127	No	
row_1292	ENSG00000272702	9641	-0.9940020442008972	-0.08439168	No	
row_1293	ENSG00000181104	9644	-1.0072356462478638	-0.08236861	No	
row_1294	ENSG00000167964	9648	-1.013450026512146	-0.08044969	No	
row_1295	ENSG00000022267	9667	-1.0547147989273071	-0.0802096	No	
row_1296	ENSG00000115232	9669	-1.0575968027114868	-0.07795548	No	
row_1297	ENSG00000171488	9674	-1.073220133781433	-0.07602058	No	
row_1298	ENSG00000127863	9676	-1.0831173658370972	-0.07370922	No	
row_1299	ENSG00000108370	9677	-1.0901175737380981	-0.071264066	No	
row_1300	ENSG00000230185	9681	-1.1030631065368652	-0.069144145	No	
row_1301	ENSG00000197061	9688	-1.1230732202529907	-0.06733362	No	
row_1302	ENSG00000133019	9691	-1.1478079557418823	-0.06499524	No	
row_1303	ENSG00000166823	9692	-1.149088978767395	-0.06241781	No	
row_1304	ENSG00000175426	9694	-1.162926435470581	-0.05992743	No	
row_1305	ENSG00000101447	9697	-1.1774307489395142	-0.05752261	No	
row_1306	ENSG00000115461	9702	-1.2090423107147217	-0.05528307	No	
row_1307	ENSG00000147862	9704	-1.2159312963485718	-0.052673798	No	
row_1308	ENSG00000064309	9707	-1.229523777961731	-0.050152134	No	
row_1309	ENSG00000162599	9716	-1.280092477798462	-0.04822559	No	
row_1310	ENSG00000231672	9730	-1.3668413162231445	-0.046694927	No	
row_1311	ENSG00000100490	9736	-1.4115670919418335	-0.04411921	No	
row_1312	ENSG00000153291	9742	-1.4514987468719482	-0.041453924	No	
row_1313	ENSG00000169760	9745	-1.4798048734664917	-0.03837087	No	
row_1314	ENSG00000231999	9759	-1.5766940116882324	-0.036369503	No	
row_1315	ENSG00000245526	9765	-1.6660444736480713	-0.03322299	No	
row_1316	ENSG00000114115	9769	-1.8490936756134033	-0.029429704	No	
row_1317	ENSG00000133401	9771	-1.932923674583435	-0.025212204	No	
row_1318	ENSG00000160219	9774	-1.9752941131591797	-0.02101776	No	
row_1319	ENSG00000065413	9776	-2.0098788738250732	-0.016627649	No	
row_1320	ENSG00000134215	9778	-2.22102427482605	-0.011763934	No	
row_1321	ENSG00000122432	9783	-2.8735203742980957	-0.0057909307	No	
row_1322	ENSG00000113361	9784	-2.8975231647491455	7.0827804E-4	No	
